rs_mode,symbol,signal_date,signal_close,rs_at_signal,entry_date,entry_price,qty,desired_qty,partial,stop_price,entry_cost,cost_basis,exit_signal_date,exit_date,exit_price,exit_type,exit_cost,net_pnl,pnl_pct,price_pnl_pct,bars_held,days_held
proxy,BTC-USD,2016-11-01,729.7930298,0.0,2016-11-02,730.065979,10276.886313994226,10276.886313994226,False,657.0593811,15005.61013579579,7517810.678033691,2017-01-11,2017-01-12,775.1779785,EXIT_MA,15932.831916312722,432672.4482063567,5.755298540179835,6.179167472204594,71,71
proxy,BTC-USD,2017-03-01,1222.5,0.0,2017-03-02,1224.680054,6161.513647129224,6161.513647129224,False,1102.2120486,15091.76573217591,7560974.631820131,,2017-03-10,1102.2120486,STOP,13582.589158958319,-783262.641499931,-10.359281437125766,-10.000000000000009,9,8
proxy,LTC-USD,2017-03-30,6.980629921,17.72006272576261,2017-03-31,7.018730164,1070634.8596162717,1070634.8596162717,False,6.3168571476,15028.994367637264,7529526.1781862695,,2017-03-31,6.3168571476,STOP,13526.094930873538,-780004.807680374,-10.359281437125748,-9.999999999999998,1,0
proxy,BTC-USD,2017-04-06,1182.680054,0.0,2017-04-07,1178.939941,6421.118751408587,6421.118751408587,False,1061.0459469000002,15140.226723879267,7585253.588663513,2017-07-09,2017-07-10,2525.25,EXIT_MA,32429.860253989067,8597246.67807703,113.34158545372807,114.19666194853262,94,94
proxy,LTC-USD,2017-04-02,7.74450016,26.366301283430204,2017-04-03,7.744619846,957480.1758318971,957480.1758318971,False,6.9701578614,14830.639943798558,7430150.611843078,2017-07-26,2017-07-27,42.35319901,EXIT_MA,81104.69687027625,33041093.126424775,444.6894128062473,446.8725367052703,115,115
proxy,LTC-USD,2017-08-23,53.24810028,488.8092338333319,2017-08-24,52.82440186,201954.43873505204,201954.43873505204,False,47.541961674,21336.24485830228,10689458.674009442,,2017-09-14,47.541961674,STOP,19202.62037247205,-1107351.108145889,-10.359281437125754,-10.000000000000009,22,21
proxy,BTC-USD,2017-08-05,3252.909912,0.0,2017-08-06,3257.610107,3239.5858309477185,3239.5858309477185,False,2931.8490963,21106.615090778563,10574414.16048006,2017-09-14,2017-09-15,3166.300049,EXIT_MA,20515.001550538935,-337428.38676113077,-3.1909889440703743,-2.8029768757099505,40,40
proxy,BTC-USD,2017-10-12,5446.910156,0.0,2017-10-13,5464.160156,1914.796113656802,1914.796113656802,False,4917.7441404,20925.50526221429,10483678.136369359,2018-01-11,2018-01-12,13453.90039,EXIT_MA,51522.95236059547,15226275.091567777,145.2379107170954,146.22082819491942,91,91
proxy,LTC-USD,2017-11-16,71.06020355,321.231342927583,2017-11-17,70.4484024,151616.47585710048,151616.47585710048,False,63.40356216000001,21362.2770033018,10702500.778654201,2018-01-16,2018-01-17,190.1450043,EXIT_MA,57658.23090759844,18068956.44423742,168.82929343275902,169.90676555072594,61,61
proxy,LINK-USD,2019-04-02,0.5842790008,109.49522808680379,2019-04-03,0.5836020112,22124472.63316391,22124472.63316391,False,0.52524181008,25823.773450907636,12937710.498904726,,2019-04-04,0.52524181008,STOP,23241.396105816875,-1340253.8421021048,-10.359281437125736,-9.999999999999998,2,1
proxy,BNB-USD,2019-04-18,22.03847885,150.86419277474675,2019-04-19,22.0264492,581997.7781803346,581997.7781803346,False,19.823804279999997,25638.688991204017,12844983.184593212,,2019-05-08,19.823804279999997,STOP,23074.82009208361,-1330647.9586434904,-10.359281437125764,-10.000000000000009,20,19
proxy,BNB-USD,2019-05-15,26.89493942,116.46267850770245,2019-05-16,26.78861809,489636.7387574018,489636.7387574018,False,24.109756281,26233.383194810278,13142924.98059995,,2019-05-17,24.109756281,STOP,23610.044875329248,-1361512.5878106542,-10.359281437125754,-9.999999999999998,2,1
proxy,LTC-USD,2019-05-26,111.418602,48.364963721781976,2019-05-27,111.4352951,122661.52245110244,122661.52245110244,False,100.29176559000001,27337.645903507753,13696160.597657384,,2019-06-04,100.29176559000001,STOP,24603.88131315698,-1418823.8223920502,-10.359281437125732,-9.999999999999998,9,8
proxy,BTC-USD,2019-05-26,8673.21582,0.0,2019-05-27,8674.072266,1575.7448718361827,1575.7448718361827,False,7806.6650394,27336.24978217191,13695461.140868127,,2019-06-04,7806.6650394,STOP,24602.62480395472,-1418751.3636947218,-10.359281437125746,-9.999999999999998,9,8
proxy,LTC-USD,2019-06-10,129.0714417,88.57293480190847,2019-06-11,129.2641296,105034.64679701101,105034.64679701101,False,116.33771664,27154.42439211811,13604366.620451175,,2019-06-27,116.33771664,STOP,24438.9819529063,-1409314.6259509306,-10.359281437125754,-9.999999999999998,17,16
proxy,BTC-USD,2019-06-26,13016.23145,0.0,2019-06-27,13017.125,1189.1712907929075,1189.1712907929075,False,11715.4125,30959.182677325254,15510550.521339951,,2019-06-27,11715.4125,STOP,27863.264409592728,-1606781.580953179,-10.359281437125738,-9.999999999999998,1,0
proxy,BNB-USD,2019-05-18,28.39679337,140.3009388226895,2019-05-19,28.37143326,465337.7486998689,465337.7486998689,False,25.534289934,26404.597761193963,13228703.478358176,2019-07-02,2019-07-03,32.03412628,EXIT_MA,29813.376409405017,1648171.3499349263,12.459054302874751,12.909791995471442,45,45
proxy,LINK-USD,2019-05-06,0.5781199932,35.928601021466335,2019-05-07,0.5787879825,22196582.082663227,22196582.082663227,False,0.52090918425,25694.229924040596,12872809.191944337,2019-07-25,2019-07-26,2.383176088,EXIT_MA,105796.72730946449,39919757.73547844,310.1091388852387,311.7528628887867,80,80
proxy,LINK-USD,2020-02-11,3.975558996,251.59907556015972,2020-02-12,3.975200891,3849270.7633112734,3849270.7633112734,False,3.5776808019,30603.249136030452,15332227.817151256,,2020-02-25,3.5776808019,STOP,27542.924222427406,-1588308.6301599815,-10.359281437125755,-9.999999999999998,14,13
proxy,LINK-USD,2020-05-09,4.040320873,127.55538418696064,2020-05-10,4.0373559,3758087.622527283,3758087.622527283,False,3.63362031,30345.474471054997,15203082.709998554,,2020-05-10,3.63362031,STOP,27310.9270239495,-1574930.1250477526,-10.359281437125738,-9.999999999999998,1,0
proxy,ADA-USD,2020-05-30,0.07695800066,40.49666380511219,2020-05-31,0.07690499723,196845095.33984196,196845095.33984196,False,0.069214497507,30276.743023699262,15168648.25487333,2020-08-19,2020-08-20,0.1293089986,EXIT_MA,50907.68431543298,10234286.218527729,67.46999499602539,68.14121742085916,81,81
proxy,ETH-USD,2020-08-13,428.7417908,86.8557850237701,2020-08-14,428.6772766,48127.81833813773,48127.81833813773,False,385.80954894,41262.60418778485,20672564.69808021,,2020-08-22,385.80954894,STOP,37136.34376900636,-2141529.1573460363,-10.35928143712576,-9.999999999999998,9,8
proxy,XMR-USD,2020-08-20,101.3114014,21.429082756371137,2020-08-21,101.3628387,198363.23807656654,198363.23807656654,False,91.22655483,40213.32181032942,20146874.226975042,,2020-08-22,91.22655483,STOP,36191.989629296484,-2087071.4019560963,-10.359281437125743,-9.999999999999998,2,1
proxy,DOGE-USD,2020-07-07,0.003090000013,17.31488894985968,2020-07-08,0.003097000066,5410922128.60777,5410922128.60777,False,0.0027873000594,33515.252378838246,16791141.441797964,2020-08-25,2020-08-26,0.00330099999,EXIT_MA,35722.90778485005,1034589.5428422131,6.1615200278572075,6.587017102117176,49,49
proxy,XLM-USD,2020-07-09,0.0905880034,43.83617128450255,2020-07-10,0.09052400291,193226496.64307967,193226496.64307967,False,0.081471602619,34983.271888814495,17526619.216296062,2020-08-25,2020-08-26,0.09807900339,EXIT_MA,37902.924438588874,1386940.078559786,7.913334918979835,8.3458532954086,47,47
proxy,ETH-USD,2020-09-01,477.0519104,106.25407887479201,2020-09-02,477.0078735,41661.068983537974,41661.068983537974,False,429.30708615000003,39745.315847148515,19912403.239421405,,2020-09-02,429.30708615000003,STOP,35770.78426243366,-2062781.892467007,-10.359281437125745,-9.999999999999998,1,0
proxy,BTC-USD,2020-08-17,12254.40234,0.0,2020-08-18,12251.89551,1693.776213468242,1693.776213468242,False,11026.705959,41503.938369472715,20793473.123105828,,2020-09-03,11026.705959,STOP,37353.54453252544,-2154054.4013756327,-10.359281437125745,-9.999999999999998,17,16
proxy,BNB-USD,2020-09-01,24.82209587,4.060311797651195,2020-09-02,24.81437492,800677.4549575123,800677.4549575123,False,22.332937428,39736.62111461425,19908047.17842174,,2020-09-03,22.332937428,STOP,35762.95900315283,-2062330.6358484812,-10.359281437125757,-9.999999999999986,2,1
proxy,CRO-USD,2020-05-25,0.07930099964,64.58992755782279,2020-05-26,0.07936999947,189981969.62049478,189981969.62049478,False,0.071432999523,30157.737656176454,15109026.565744402,2020-09-03,2020-09-04,0.1540420055,EXIT_MA,58530.40721836218,14097646.636218326,93.30612117779246,94.08089521056917,101,101
proxy,LINK-USD,2020-06-23,4.806252003,118.71125171855559,2020-06-24,4.808690071,3286705.291786929,3286705.291786929,False,4.3278210639,31609.494205837927,15836356.597124802,2020-09-03,2020-09-04,12.01146793,EXIT_MA,78956.31041531998,23562842.30011987,148.78954105136697,149.78669352051074,72,72
proxy,TRX-USD,2020-09-01,0.03455299884,79.906105146937,2020-09-02,0.03461699933,575188643.9707638,575188643.9707638,False,0.031155299397000003,39822.609805919084,19951127.51276546,,2020-09-05,0.031155299397000003,STOP,35840.34882532717,-2066793.4489272013,-10.359281437125754,-9.999999999999998,4,3
proxy,BNB-USD,2020-09-12,28.5298481,55.66764073887055,2020-09-13,28.5298481,627286.5817451514,627286.5817451514,False,25.67686329,35792.7817847148,17932183.674142115,,2020-09-20,25.67686329,STOP,32213.50360624333,-1857645.3746266942,-10.359281437125727,-9.999999999999998,8,7
proxy,BNB-USD,2020-10-12,30.71468163,43.97530518515101,2020-10-13,30.6700058,578129.6287934338,578129.6287934338,False,27.60300522,35462.47813649292,17766701.546382956,,2020-10-30,27.60300522,STOP,31916.230322843632,-1840502.6152839847,-10.359281437125759,-9.999999999999998,18,17
proxy,LINK-USD,2020-11-21,15.35593414,122.05303603005765,2020-11-22,15.35593414,1151256.0132571475,1151256.0132571475,False,13.820340726000001,35357.22303571145,17713968.740891438,,2020-11-26,13.820340726000001,STOP,31821.500732140306,-1835039.8755534254,-10.359281437125754,-9.999999999999998,5,4
proxy,ETH-USD,2020-11-21,549.4866333,29.058263700532805,2020-11-22,549.4866333,32172.960080366207,32172.960080366207,False,494.53796997,35357.223035711446,17713968.740891434,,2020-11-26,494.53796997,STOP,31821.500732140303,-1835039.8755534235,-10.359281437125746,-9.999999999999998,5,4
proxy,XRP-USD,2020-11-23,0.6139799953,52.91770325650816,2020-11-24,0.6141930223,28970986.241615605,28970986.241615605,False,0.5527737200699999,35587.55519749921,17829365.153947104,,2020-11-26,0.5527737200699999,STOP,32028.799677749288,-1846994.1147502102,-10.359281437125755,-10.000000000000009,3,2
proxy,ETH-USD,2020-12-17,642.8689575,48.66591511960334,2020-12-18,642.9169922,27336.5305155151,27336.5305155151,False,578.62529298,35150.23995243697,17610270.216170922,,2020-12-23,578.62529298,STOP,31635.215957193275,-1824297.4535314776,-10.359281437125741,-9.999999999999986,6,5
proxy,DOGE-USD,2021-01-02,0.01061499957,93.1483871255614,2021-01-03,0.01060200017,1733988991.4360805,1733988991.4360805,False,0.009541800153000001,36767.50316396691,18420519.08514742,,2021-01-03,0.009541800153000001,STOP,33090.75284757022,-1908233.4142098818,-10.359281437125745,-9.999999999999998,1,0
proxy,XLM-USD,2021-01-06,0.3407930136,148.89019619559903,2021-01-07,0.3431580067,61495729.88059535,61495729.88059535,False,0.30884220603,42205.50417277346,21144957.5905595,,2021-01-07,0.30884220603,STOP,37984.95375549611,-2190465.666566942,-10.359281437125746,-9.999999999999998,1,0
proxy,LINK-USD,2021-01-06,17.15525627,14.688880304921836,2021-01-07,17.15868568,1221626.4671130825,1221626.4671130825,False,15.442817112000002,41923.009135124485,21003427.576697364,,2021-01-07,15.442817112000002,STOP,37730.70822161204,-2175804.174112957,-10.359281437125732,-9.999999999999998,1,0
proxy,LINK-USD,2021-01-15,20.70972633,15.143584539652455,2021-01-16,20.7149086,969659.4392936295,969659.4392936295,False,18.64341774,40172.813316189575,20126579.471410975,,2021-01-21,18.64341774,STOP,36155.53198457061,-2084969.0111102425,-10.359281437125766,-10.000000000000009,6,5
proxy,LINK-USD,2021-01-23,24.76153183,146.35003611970458,2021-01-24,24.77108955,805545.7073973176,805545.7073973176,False,22.293980595,39908.4897091141,19994153.344266165,,2021-01-26,22.293980595,STOP,35917.6407382027,-2071250.61590302,-10.35928143712574,-9.999999999999998,3,2
proxy,LTC-USD,2020-12-25,126.9835968,9.089557529896176,2020-12-26,127.0791931,138403.76331787216,138403.76331787216,False,114.37127379,35176.47712887715,17623415.041567452,2021-01-27,2021-01-28,122.9412537,EXIT_MA,34031.064358194555,-641913.9268283695,-3.642392381467041,-3.256189545320609,33,33
proxy,DOGE-USD,2021-01-28,0.03408399969,990.0344391654645,2021-01-29,0.04373399913,585017709.3885229,585017709.3885229,False,0.039360599217,51170.327986864504,25636334.321419116,,2021-01-29,0.039360599217,STOP,46053.29518817805,-2655740.0225182697,-10.359281437125755,-10.000000000000009,1,0
proxy,DOGE-USD,2021-01-29,0.04716200009,1476.1945502314713,2021-01-30,0.04680300131,422291821.3839052,422291821.3839052,False,0.042122701179,39529.049338866396,19804053.718772065,,2021-01-30,0.042122701179,STOP,35576.14440497976,-2051557.6606871672,-10.359281437125754,-9.999999999999998,1,0
proxy,LINK-USD,2021-02-05,26.36332512,144.4041662634736,2021-02-06,26.34899902,839762.5254124532,839762.5254124532,False,23.714099118,44253.80391825091,22171155.763043705,,2021-02-07,23.714099118,STOP,39828.42352642582,-2296772.423357222,-10.359281437125748,-9.999999999999998,2,1
proxy,DOGE-USD,2021-02-07,0.07878199965,2386.388346341025,2021-02-08,0.07835199684,289419337.46966136,289419337.46966136,False,0.070516797156,45353.1660297156,22721936.180887513,,2021-02-08,0.070516797156,STOP,40817.84942674404,-2353829.3169422373,-10.35928143712574,-9.999999999999998,1,0
proxy,LINK-USD,2021-02-13,34.1019783,99.19278570792459,2021-02-14,34.12268829,782476.4005574036,782476.4005574036,False,30.710419461,53400.39662100293,26753598.707122467,,2021-02-15,30.710419461,STOP,48060.35695890264,-2771480.5846300535,-10.359281437125754,-9.999999999999998,2,1
proxy,XLM-USD,2021-02-06,0.3763000071,136.48428739978192,2021-02-07,0.3760460019,60431430.67721523,60431430.67721523,False,0.33844140171,45449.995790527595,22770447.891054325,,2021-02-23,0.33844140171,STOP,40904.996211474834,-2358854.7815283835,-10.359281437125754,-9.999999999999998,17,16
proxy,ETH-USD,2020-12-27,682.642334,36.65639804605214,2020-12-28,683.2058105,25923.126915479483,25923.126915479483,False,614.88522945,35421.66186996905,17746252.596854493,2021-02-25,2021-02-26,1478.65332,EXIT_MA,76662.63535671018,20508402.446143888,115.5646936400476,116.42868038810393,60,60
proxy,HBAR-USD,2021-03-09,0.2104299963,58.92069122609689,2021-03-10,0.2103569955,143667965.86832032,143667965.86832032,False,0.18932129595,60443.12329931282,30282004.772955723,,2021-03-10,0.18932129595,STOP,54398.81096938154,-3136998.099234335,-10.359281437125748,-10.000000000000009,1,0
proxy,XLM-USD,2021-04-02,0.4465849996,106.0829600961057,2021-04-03,0.4460400045,72866395.49961439,72866395.49961439,False,0.40143600404999996,65002.65475309356,32566330.03129987,2021-04-03,2021-04-04,0.4180450141,EXIT_MA,60922.86666810495,-2165819.5639155023,-6.650487057749241,-6.2763407132913285,1,1
proxy,XLM-USD,2021-04-05,0.5363669991,194.60118239092034,2021-04-06,0.5390740037,62078193.34997931,62078193.34997931,False,0.48516660333000006,66929.48046327214,33531669.71209934,,2021-04-07,0.48516660333000006,STOP,60236.53241694492,-3473640.0360438228,-10.359281437125745,-9.999999999999998,2,1
proxy,XRP-USD,2021-04-06,1.096266031,48.729282580632784,2021-04-07,1.097547054,30976757.74728419,30976757.74728419,False,0.9877923486000001,67996.89841600688,34066446.106419444,,2021-04-07,0.9877923486000001,STOP,61197.20857440619,-3529039.027790755,-10.359281437125743,-9.999999999999998,1,0
proxy,XLM-USD,2021-04-13,0.6553559899,170.347220454562,2021-04-14,0.6554710269,29864435.282403447,61347913.97401469,True,0.5899239242100001,39150.54412469116,19614422.606470272,,2021-04-14,0.5899239242100001,STOP,35235.48971222205,-2031913.2400714718,-10.359281437125752,-9.999999999999998,1,0
proxy,XRP-USD,2021-04-10,1.374415994,91.05039762312188,2021-04-11,1.372068048,25077453.34336253,25077453.34336253,False,1.2348612432000001,68815.94491527701,34476788.40255378,,2021-04-18,1.2348612432000001,STOP,61934.3504237493,-3571547.5411028787,-10.359281437125754,-9.999999999999998,8,7
proxy,LTC-USD,2021-04-16,310.6127319,23.083871190502503,2021-04-17,309.5566406,56685.634342434954,155967.4654454775,True,278.60097654,35094.8290746483,17582509.3663988,,2021-04-18,278.60097654,STOP,31585.346167183474,-1821421.6289742477,-10.359281437125754,-9.999999999999998,2,1
proxy,BTC-USD,2020-11-18,17804.00586,0.0,2020-11-19,17803.86133,989.6104242865092,989.6104242865092,False,16023.475197,35237.77352943895,17654124.538248915,2021-04-18,2021-04-19,56191.58594,EXIT_MA,111215.55840683049,37842439.1067595,214.3546627008956,215.61460122875488,151,151
proxy,ADA-USD,2020-12-28,0.1767349988,17.567391114603037,2020-12-29,0.1767089963,101122704.96609518,101122704.96609518,False,0.15903809667000002,35738.58339539941,17905030.281095102,2021-04-19,2021-04-20,1.194609046,EXIT_MA,241604.19621697286,102655463.63117436,573.333091424941,576.0318212502914,112,112
proxy,HBAR-USD,2021-03-10,0.220273003,74.79259587391098,2021-03-11,0.220103994,133446145.16985092,133446145.16985092,False,0.1980935946,58744.05907157599,29430773.59485957,2021-04-19,2021-04-20,0.2886550128,EXIT_MA,77039.79748422795,9012085.34977018,30.621299575163892,31.14483183799017,40,40
proxy,SOL-USD,2021-04-18,32.30291748,1809.297032990931,2021-04-19,32.33952332,1339377.003125616,1339377.003125616,False,29.105570988,86629.62765370513,43401443.45450627,,2021-04-20,29.105570988,STOP,77966.66488833462,-4496077.675227299,-10.359281437125755,-9.999999999999998,2,1
proxy,TRX-USD,2021-04-03,0.1020720005,44.22128324372876,2021-04-04,0.1021009982,307341767.89793354,307341767.89793354,False,0.09189089838,62759.80258186346,31442661.093513597,,2021-04-23,0.09189089838,STOP,56483.822323677115,-3257233.7539987154,-10.359281437125754,-9.999999999999998,20,19
proxy,SOL-USD,2021-04-22,38.87976074,2398.4462898819825,2021-04-23,38.89918137,1017742.6710902911,1017742.6710902911,False,35.009263233,79178.71350145899,39668535.464230955,,2021-04-23,35.009263233,STOP,71260.84215131309,-4109375.230725728,-10.359281437125764,-10.000000000000009,1,0
proxy,SOL-USD,2021-04-25,47.36762619,2879.7354133160834,2021-04-26,47.54185486,812084.6014512196,812084.6014512196,False,42.787669374000004,77216.01651246967,38685224.2727473,,2021-04-27,42.787669374000004,STOP,69494.4148612227,-4007511.2569971755,-10.359281437125748,-9.999999999999998,2,1
proxy,SOL-USD,2021-05-01,49.50802231,2772.640564932818,2021-05-02,49.5008049,912300.8672023396,912300.8672023396,False,44.55072441,90319.25447496765,45249946.49195879,,2021-05-04,44.55072441,STOP,81287.32902747087,-4687569.307250828,-10.359281437125764,-9.999999999999998,3,2
proxy,BCH-USD,2021-05-05,1454.935059,96.20253782413548,2021-05-06,1454.490356,37991.911124054284,37991.911124054284,False,1309.0413204000001,110517.73667189215,55369386.07261797,,2021-05-06,1309.0413204000001,STOP,99465.96300470295,-5735870.533271201,-10.359281437125745,-9.999999999999986,1,0
proxy,BCH-USD,2021-05-06,1505.765747,134.18912524668133,2021-05-07,1509.110962,34213.09364562294,34213.09364562294,False,1358.1998658,103262.70932908423,51734617.3738712,,2021-05-07,1358.1998658,STOP,92936.43839617581,-5359334.61417947,-10.359281437125745,-9.999999999999998,1,0
proxy,ZEC-USD,2021-05-06,307.6553345,96.60400671675885,2021-05-07,308.000946,33019.10824425593,167450.06093980916,True,277.20085140000003,20339.83315061445,10190256.408457838,,2021-05-10,277.20085140000003,STOP,18305.849835553006,-1055637.3405168876,-10.359281437125727,-9.999999999999986,4,3
proxy,LTC-USD,2021-05-05,356.0370789,126.10978516621793,2021-05-06,356.0221252,155252.82822670264,155252.82822670264,False,320.41991268000004,110546.88369716246,55383988.732278384,,2021-05-12,320.41991268000004,STOP,99492.19532744621,-5737383.263882726,-10.359281437125741,-9.999999999999986,7,6
proxy,XMR-USD,2021-05-07,457.144989,84.92058078783077,2021-05-08,454.7199707,101782.90004240107,119937.5539270234,True,409.24797363,92565.43465008329,46375282.75969173,,2021-05-12,409.24797363,STOP,83308.89118507496,-4804146.058339328,-10.359281437125759,-9.999999999999998,5,4
proxy,LINK-USD,2021-05-04,45.68613815,150.5661182967335,2021-05-05,45.50952148,1090623.4926110741,1090623.4926110741,False,40.958569331999996,99267.5065271526,49733020.770103455,,2021-05-13,40.958569331999996,STOP,89340.75587443734,-5151983.588759229,-10.359281437125766,-9.999999999999998,9,8
proxy,BNB-USD,2021-02-09,107.8992767,74.7783448925115,2021-02-10,107.7085571,221053.82943521818,221053.82943521818,False,96.93770139,47618.77801979371,23857007.78791665,2021-05-17,2021-05-18,511.3919983,EXIT_MA,226090.3191334872,88962061.45969346,372.89697958162174,374.79235825729955,97,97
proxy,ETH-USD,2021-05-03,3431.086182,400.2567312913455,2021-05-04,3431.131592,13873.941295627325,13873.941295627325,False,3088.0184328,95206.63656996065,47698524.92155029,,2021-05-19,3088.0184328,STOP,85685.97291296459,-4941224.437980965,-10.359281437125762,-10.000000000000009,16,15
proxy,ADA-USD,2021-05-06,1.650123954,1031.5183173623386,2021-05-07,1.648682952,31220021.00848381,31220021.00848381,False,1.4838146568,102943.8327955382,51574860.23056464,,2021-05-19,1.4838146568,STOP,92649.44951598438,-5342784.922088437,-10.359281437125757,-9.999999999999998,13,12
proxy,SOL-USD,2021-05-18,55.91096115,2595.0163991001214,2021-05-19,56.08925629,799026.2843132695,799026.2843132695,False,50.480330661,89633.58008658678,44906423.623379976,,2021-05-19,50.480330661,STOP,80670.22207792809,-4651982.806493856,-10.359281437125754,-9.999999999999998,1,0
proxy,DOGE-USD,2021-04-11,0.07464899868,1531.9264801452837,2021-04-12,0.07454399765,479833594.08174205,479833594.08174205,False,0.067089597885,71537.42861924086,35840251.738239676,2021-05-23,2021-05-24,0.3067150116,EXIT_MA,294344.3327497024,111037570.30386183,309.8124731791171,311.45500814175875,42,42
proxy,ADA-USD,2021-08-19,2.428139925,744.5336534483451,2021-08-20,2.437794924,15505906.56656268,15505906.56656268,False,2.1940154316,75600.44063996954,37875820.760624744,,2021-09-07,2.1940154316,STOP,68040.39657597258,-3923662.869214423,-10.359281437125757,-9.999999999999998,19,18
proxy,ETH-USD,2021-09-01,3834.828125,193.66442325804076,2021-09-02,3825.027832,10458.651512274051,10458.651512274051,False,3442.5250488,80009.26623927428,40084642.38587642,,2021-09-07,3442.5250488,STOP,72008.33961534685,-4152480.9178183377,-10.359281437125754,-9.999999999999998,6,5
proxy,AVAX-USD,2021-11-08,91.18478394,667.8117821848989,2021-11-09,91.07372284,504874.2652178521,504874.2652178521,False,81.96635055600001,91961.55779899862,46072740.45729831,,2021-11-10,81.96635055600001,STOP,82765.40201909878,-4772804.84976802,-10.35928143712573,-9.999999999999986,2,1
proxy,CRO-USD,2021-11-14,0.438508004,205.69619502820404,2021-11-15,0.4398320019,102996984.69876736,102996984.69876736,False,0.39584880171,90602.73993944503,45391972.70966196,,2021-11-16,0.39584880171,STOP,81542.46594550053,-4702282.202857196,-10.359281437125748,-10.000000000000009,2,1
proxy,AVAX-USD,2021-11-17,107.8020782,649.8260768242193,2021-11-18,107.5849991,406333.9535718933,406333.9535718933,False,96.82649919,87430.87605866315,43802868.90539024,,2021-11-18,96.82649919,STOP,78687.78845279684,-4537662.467444614,-10.35928143712574,-9.999999999999998,1,0
proxy,SOL-USD,2021-08-15,53.74515915,868.6301234995575,2021-08-16,53.54114914,682341.9407824423,682341.9407824423,False,48.187034226,73066.7432318196,36606438.35914161,2021-11-26,2021-11-27,192.2835693,EXIT_MA,262406.28771347454,94334299.20988217,257.6986547677189,259.1323167106757,103,103
proxy,AVAX-USD,2021-11-19,112.0235596,712.2633900602033,2021-11-20,112.0843124,388339.6506204629,388339.6506204629,False,100.87588116,87053.56543490164,43613836.28288572,,2021-12-03,100.87588116,STOP,78348.20889141147,-4518080.046071403,-10.359281437125766,-9.999999999999998,14,13
proxy,NEAR-USD,2021-12-11,11.63622475,286.6888595434819,2021-12-12,11.63486004,3610735.6232906287,3610735.6232906287,False,10.471374036,84020.80723685725,42094424.42566548,,2021-12-13,10.471374036,STOP,75618.72651317154,-4360679.895592883,-10.359281437125729,-9.999999999999998,2,1
proxy,CRO-USD,2021-11-17,0.5338889956,339.1598951395852,2021-11-18,0.5347470045,82046352.33030903,82046352.33030903,False,0.48127230405000004,87748.0822775687,43961789.221061915,2021-12-17,2021-12-18,0.5222380161,EXIT_MA,85695.4485384444,-1199760.4003781602,-2.7290982046821695,-2.3392348708332067,30,30
proxy,NEAR-USD,2021-12-23,13.72949409,385.933012805596,2021-12-24,13.73681068,3010678.496102366,3010678.496102366,False,12.363129612,82714.24103861063,41439834.76034393,,2022-01-21,12.363129612,STOP,74442.81693474957,-4292869.109903894,-10.359281437125754,-9.999999999999998,29,28
proxy,LTC-USD,2023-05-17,93.88973236,6.757464141752956,2023-05-18,93.88941956,436822.28508894565,436822.28508894565,False,84.500477604,82025.98159574789,41095016.77946969,2023-05-24,2023-05-25,85.98468781,EXIT_MA,75120.05562364761,-3610109.023269534,-8.784785373473987,-8.419193330882702,7,7
proxy,XRP-USD,2023-05-30,0.521938026,11.541558995093437,2023-05-31,0.5218949914,78059783.40259789,78059783.40259789,False,0.46970549225999997,81478.01997516937,40820488.00755986,,2023-06-14,0.46970549225999997,STOP,73330.21797765243,-4228709.236711293,-10.359281437125755,-9.999999999999998,15,14
proxy,XRP-USD,2023-07-13,0.8153650165,50.36484415577986,2023-07-14,0.8161969781,50287417.43313827,50287417.43313827,False,0.73457728029,82088.87629076144,41126527.02167148,,2023-07-14,0.73457728029,STOP,73879.98866168529,-4260412.679490522,-10.359281437125755,-9.999999999999998,1,0
proxy,BTC-USD,2023-06-20,28327.48828,0.0,2023-06-21,28311.31055,1427.0667299129198,1427.0667299129198,False,25480.179495,80804.2587322753,40482933.62486992,2023-07-30,2023-07-31,29278.31445,EXIT_MA,83564.21691904737,1215610.6177347153,3.0027730425838706,3.4156098082856357,40,40
proxy,BCH-USD,2023-06-29,253.4472198,85.86398215770168,2023-06-30,253.4526825,160378.80470134993,160378.80470134993,False,228.10741425,81296.8765354015,40729735.144236155,,2023-08-02,228.10741425,STOP,73167.18888186137,-4219307.892187335,-10.35928143712574,-9.999999999999998,34,33
proxy,TRX-USD,2023-07-22,0.08381599933,3.266761418964964,2023-07-23,0.08383499831,478177874.16856426,478177874.16856426,False,0.07545149847900001,80176.08254560197,40168217.35534658,2023-08-02,2023-08-03,0.07645499706,EXIT_MA,73118.17592742926,-3682247.567559384,-9.167067422944172,-8.803007572935929,11,11
proxy,BCH-USD,2023-10-23,260.6100769,42.386478440530844,2023-10-24,260.6049194,151967.41324576724,151967.41324576724,False,234.54442746000004,79206.91096067934,39682662.39130035,,2023-11-02,234.54442746000004,STOP,71286.2198646114,-4110838.6788592637,-10.359281437125762,-9.999999999999998,10,9
proxy,TRX-USD,2023-10-23,0.09223800153,0.38269129650347344,2023-10-24,0.09222599864,429370092.5360181,429370092.5360181,False,0.083003398776,79198.17114056696,39678283.74142405,2023-12-15,2023-12-16,0.1015700027,EXIT_MA,87222.24291636521,3845615.4738421887,9.691990457307442,10.131637713649377,53,53
proxy,ADA-USD,2023-12-13,0.6652439833,55.053649749853165,2023-12-14,0.665504992,66336319.43654453,66336319.43654453,False,0.5989544928,88294.30347185403,44235446.03939887,,2023-12-16,0.5989544928,STOP,79464.87312466864,-4582474.350189224,-10.359281437125748,-9.999999999999998,3,2
proxy,LINK-USD,2023-11-05,12.22770214,30.593378202482867,2023-11-06,12.22693062,3268821.017529334,3268821.017529334,False,11.004237558,79935.29558105794,40047583.086110026,2023-12-17,2023-12-18,14.01838684,EXIT_MA,91647.19506889724,5684367.253269702,14.194033235531883,14.651724751505956,42,42
proxy,HBAR-USD,2023-12-21,0.09124100208,1.9049711593714935,2023-12-22,0.09124799818,514753037.5237647,514753037.5237647,False,0.082123198362,93940.36846223591,47064124.59958019,,2024-01-05,0.082123198362,STOP,84546.33161601232,-4875505.123190045,-10.359281437125752,-10.000000000000009,15,14
proxy,AVAX-USD,2023-12-10,37.07502747,130.45690786660964,2023-12-11,37.08013916,1210025.7321293966,1210025.7321293966,False,33.372125244,89735.84506907783,44957658.37960799,,2024-01-07,33.372125244,STOP,80762.26056217005,-4657290.359085135,-10.35928143712574,-9.999999999999998,28,27
proxy,BTC-USD,2023-11-01,35437.25391,0.0,2023-11-02,35441.57812,1134.9462738036261,1134.9462738036261,False,31897.420308,80448.57405002826,40304735.59906416,2024-01-14,2024-01-15,41715.06641,EXIT_MA,94688.7183670006,6944934.8660691455,17.231064198397572,17.700928183160713,74,74
proxy,NEAR-USD,2023-12-20,2.839524031,36.83010215291008,2023-12-21,2.839971066,15822678.780314205,15822678.780314205,False,2.5559739594,89871.89984540902,45025821.82254992,2024-01-19,2024-01-20,3.002372026,EXIT_MA,95011.13629279834,2384735.187556453,5.296372372624026,5.718401921211691,30,30
proxy,SOL-USD,2023-10-30,34.96233749,4.295532022118059,2023-10-31,34.95983124,1130815.7490375782,1130815.7490375782,False,31.463848116,79066.25549977586,39612194.0053877,2024-01-22,2024-01-23,83.62184143,EXIT_MA,189121.79050513412,54759579.45667421,138.23919838731047,139.1940649139129,84,84
proxy,UNI7083-USD,2024-02-23,11.33698177,27.433531448757307,2024-02-24,11.35517025,3893484.572163527,3893484.572163527,False,10.219653225,88422.36036533052,44299602.54303059,,2024-02-25,10.219653225,STOP,79580.12432879746,-4589120.50296066,-10.35928143712576,-9.999999999999998,2,1
proxy,SHIB-USD,2024-03-02,2.300000051e-05,40.71161649529043,2024-03-03,2.300000051e-05,1995170501810.598,1995170501810.598,False,2.0700000459e-05,91777.84511836141,45980700.404299065,,2024-03-03,2.0700000459e-05,STOP,82600.06060652528,-4763270.161642954,-10.359281437125741,-10.000000000000009,1,0
proxy,BCH-USD,2024-03-02,500.8060608,92.66442012089809,2024-03-03,501.0927124,91630.12621268324,91630.12621268324,False,450.98344116,91830.37696293557,46007018.85843072,,2024-03-04,450.98344116,STOP,82647.33926664203,-4765996.564376354,-10.359281437125745,-9.999999999999998,2,1
proxy,SOL-USD,2024-02-29,125.7115173,231.52461792909344,2024-03-01,125.6367035,356268.29372659314,356268.29372659314,False,113.07303315,89520.74797075779,44849894.73334965,,2024-03-05,113.07303315,STOP,80568.67317368201,-4646126.81968233,-10.35928143712575,-9.999999999999998,5,4
proxy,ADA-USD,2024-03-02,0.7409279943,3.039895612035415,2024-03-03,0.7410719991,61934388.91796064,61934388.91796064,False,0.66696479919,91795.68281693995,45989637.09128691,,2024-03-05,0.66696479919,STOP,82616.11453524596,-4764195.938199177,-10.359281437125736,-10.000000000000009,3,2
proxy,SHIB-USD,2024-03-04,3.600000127e-05,166.41803886905385,2024-03-05,3.600000127e-05,1264570511731.013,1264570511731.013,False,3.2400001143e-05,91049.08005664204,45615589.108377665,,2024-03-05,3.2400001143e-05,STOP,81944.17205097784,-4725447.25493972,-10.359281437125743,-9.999999999999998,1,0
proxy,DOGE-USD,2024-03-04,0.1829099953,7.836922884641551,2024-03-05,0.1828040034,248890389.79884017,248890389.79884017,False,0.16452360306,90996.319326029,45589155.98234053,,2024-03-05,0.16452360306,STOP,81896.68739342611,-4722708.973020904,-10.359281437125746,-9.999999999999998,1,0
proxy,UNI7083-USD,2024-03-06,15.38644028,65.5136786513024,2024-03-07,15.38658142,2915879.958790944,2915879.958790944,False,13.847923278000001,89730.84879376621,44955155.245676875,,2024-03-10,13.847923278000001,STOP,80757.7639143896,-4657031.052396469,-10.359281437125754,-9.999999999999998,4,3
proxy,HBAR-USD,2024-03-07,0.1339469999,5.056419292130809,2024-03-08,0.1339450032,332547944.914279,332547944.914279,False,0.12055050288,89086.27109139304,44632221.81678791,,2024-03-14,0.12055050288,STOP,80177.64398225374,-4623577.469643302,-10.359281437125755,-9.999999999999998,7,6
proxy,BNB-USD,2024-03-13,630.5613403,11.964678626661197,2024-03-14,630.5613403,75471.17466531778,75471.17466531778,False,567.50520627,95178.41010195637,47684383.46108014,,2024-03-15,567.50520627,STOP,85660.56909176074,-4939759.484291531,-10.35928143712574,-9.999999999999998,2,1
proxy,LINK-USD,2024-02-01,17.18424606,60.21741872013311,2024-02-02,17.18326378,2546444.189575931,2546444.189575931,False,15.464937402,87512.44442106312,43843734.654952615,2024-03-16,2024-03-17,18.12628937,EXIT_MA,92315.16848961692,2221534.421366222,5.066937018138522,5.48804698614711,44,44
proxy,BNB-USD,2024-03-15,632.8027954,26.71870225776136,2024-03-16,632.8027954,74092.79084133415,74092.79084133415,False,569.52251586,93772.25032676755,46979897.41371054,,2024-03-17,569.52251586,STOP,84395.02529409078,-4866779.791959241,-10.35928143712576,-10.000000000000009,2,1
proxy,DOGE-USD,2024-03-28,0.2200559974,80.0228510755421,2024-03-29,0.2200559974,211525647.6471394,211525647.6471394,False,0.19805039766000002,93094.97473734446,46640582.343409576,,2024-03-30,0.19805039766000002,STOP,83785.47726361001,-4831629.18886818,-10.359281437125754,-9.999999999999998,2,1
proxy,AVAX-USD,2024-03-11,49.00723267,53.34093360909276,2024-03-12,49.00715256,937437.2042616822,937437.2042616822,False,44.106437304,91882.2561693443,46033010.34084149,2024-04-02,2024-04-03,46.82069016,EXIT_MA,87782.91377038571,-2229336.369419016,-4.842908062958247,-4.461516912909991,22,22
proxy,NEAR-USD,2024-02-24,3.861270905,51.804234040814634,2024-02-25,3.861773014,11466367.965475347,11466367.965475347,False,3.4755957126,88561.02075533356,44369071.398422115,2024-04-12,2024-04-13,5.793785095,EXIT_MA,132867.34362431307,21931733.070110105,49.43022781155176,50.029146560295466,48,48
proxy,SOL-USD,2024-03-07,143.9778595,316.2632160085056,2024-03-08,143.9772797,309379.5094528276,309379.5094528276,False,129.57955173,89087.24033187711,44632707.40627044,2024-04-12,2024-04-13,153.6344757,EXIT_MA,95062.71745421673,2803588.6033837125,6.281466588759608,6.707444410758656,36,36
proxy,BTC-USD,2024-02-09,47147.19922,0.0,2024-02-10,47153.52734,933.194367894766,933.194367894766,False,42438.174606,88006.81228011973,44091412.952339984,2024-04-13,2024-04-14,63836.23047,EXIT_MA,119143.2214844725,15361054.56841179,34.839107072880864,35.379544375778195,64,64
proxy,BCH-USD,2024-03-24,484.7536316,47.96779874567185,2024-03-25,484.7536316,93791.03254338219,93791.03254338219,False,436.27826844000003,90931.0872738366,45556474.724192135,2024-04-13,2024-04-14,481.4837646,EXIT_MA,90317.71886941754,-487933.0083527863,-1.0710508469033848,-0.6745420326625173,20,20
proxy,HBAR-USD,2024-04-23,0.1564919949,60.941134544577835,2024-04-24,0.1564919949,271333996.44580823,271333996.44580823,False,0.14084279541,84923.19677598808,42546521.584770024,,2024-04-24,0.14084279541,STOP,76430.87709838928,-4407513.912673779,-10.359281437125743,-9.999999999999998,1,0
proxy,DOGE-USD,2024-05-21,0.1704739928,27.148741426285582,2024-05-22,0.1704739928,246200574.68941665,246200574.68941665,False,0.15342659352000002,83941.58999391895,42054736.586953394,,2024-05-23,0.15342659352000002,STOP,75547.43099452707,-4356568.520684391,-10.359281437125743,-9.999999999999986,2,1
proxy,NEAR-USD,2024-05-15,8.048585892,241.21853211774686,2024-05-16,8.048686981,5234588.461858896,5234588.461858896,False,7.2438182828999995,84263.128007713,42215827.13186421,,2024-05-30,7.2438182828999995,STOP,75836.81520694171,-4373256.343600303,-10.359281437125745,-9.999999999999998,15,14
proxy,SHIB-USD,2024-05-29,2.800000038e-05,119.04931072455176,2024-05-30,2.800000038e-05,1475248730195.6042,1475248730195.6042,False,2.5200000342e-05,82613.93001214287,41389578.93608358,,2024-05-31,2.5200000342e-05,STOP,74352.53701092859,-4287662.967630215,-10.359281437125748,-9.999999999999998,2,1
proxy,BNB-USD,2024-05-21,618.4204712,20.16451665426471,2024-05-22,618.4204712,67867.73231409723,67867.73231409723,False,556.57842408,83941.58999391894,42054736.58695339,2024-06-11,2024-06-12,602.6026001,EXIT_MA,81794.54391073158,-1239259.1754983366,-2.9467766916956295,-2.5577858167124545,21,21
proxy,BTC-USD,2024-05-20,71448.19531,0.0,2024-05-21,71443.0625,590.8649349093517,590.8649349093517,False,64298.75625,84426.4009475745,42297626.87473483,2024-06-14,2024-06-15,66006.74219,EXIT_MA,78002.13885534543,-3374559.585917458,-7.978129827262594,-7.609304696309726,25,25
proxy,ZEC-USD,2024-11-06,43.18949127,9.049946284799738,2024-11-07,43.18949127,998962.496722811,998962.496722811,False,38.870542143,86289.3640625345,43230971.39532978,,2024-11-13,38.870542143,STOP,77660.42765628106,-4478417.994845532,-10.359281437125729,-9.999999999999986,7,6
proxy,XRP-USD,2024-11-16,1.119089961,25.73244401174215,2024-11-17,1.119088054,40779898.371331796,40779898.371331796,False,1.0071792486000002,91272.59422138295,45727569.704912856,,2024-11-17,1.0071792486000002,STOP,82145.33479924467,-4737047.640089773,-10.359281437125743,-9.999999999999986,1,0
proxy,XRP-USD,2024-11-22,1.469019055,70.81571539668509,2024-11-23,1.469032049,31104930.43630097,31104930.43630097,False,1.3221288441,91388.27938568336,45785527.972227365,,2024-11-24,1.3221288441,STOP,82249.45144711503,-4743051.700116962,-10.35928143712574,-9.999999999999986,2,1
proxy,SOL-USD,2024-11-21,257.0658875,54.63945947854489,2024-11-22,257.0814209,178268.1918999226,178268.1918999226,False,231.37327881000002,91658.88014981194,45921098.95505578,,2024-11-26,231.37327881000002,STOP,82492.99213483075,-4757095.879775234,-10.359281437125736,-9.999999999999998,5,4
proxy,TAO22974-USD,2024-11-30,678.0213623,22.828455131017378,2024-12-01,678.0213623,68820.34356130837,68820.34356130837,False,610.21922607,93323.32619078466,46754986.421583116,,2024-12-02,610.21922607,STOP,83990.9935717062,-4843480.629301719,-10.35928143712574,-9.999999999999998,2,1
proxy,TRX-USD,2024-12-03,0.425992012,162.54792238318117,2024-12-04,0.4260739982,113915336.45495783,113915336.45495783,False,0.38346659838,97072.7257193242,48633435.585381426,,2024-12-04,0.38346659838,STOP,87365.45314739179,-5038074.464832924,-10.359281437125745,-9.999999999999998,1,0
proxy,ZEC-USD,2024-11-30,59.36020279,23.053858463479614,2024-12-01,59.36020279,786076.5445911363,786076.5445911363,False,53.424182511000005,93323.32619078466,46754986.421583116,,2024-12-09,53.424182511000005,STOP,83990.99357170619,-4843480.629301727,-10.359281437125754,-9.999999999999998,9,8
proxy,ADA-USD,2024-12-01,1.15525198,102.64467056005711,2024-12-02,1.155285954,41225462.27588728,41225462.27588728,False,1.0397573586,95254.3950289789,47722451.90951843,,2024-12-09,1.0397573586,STOP,85728.95552608102,-4943703.1020040065,-10.359281437125752,-10.000000000000009,8,7
proxy,XLM-USD,2024-11-22,0.3410660028,131.2229913700651,2024-11-23,0.3410660028,133973292.97042325,133973292.97042325,False,0.30695940252,91387.4710307512,45785122.98640635,2024-12-26,2024-12-27,0.3542569876,EXIT_MA,94921.9503731088,1580930.2497749478,3.4529343739981386,3.867575393533196,34,34
proxy,XLM-USD,2025-01-15,0.4893169999,299.98385612283914,2025-01-16,0.4893240035,99596349.16367732,99596349.16367732,False,0.44039160315,97469.76861350893,48832354.07536797,,2025-01-19,0.44039160315,STOP,87722.79175215804,-5058680.991041116,-10.359281437125754,-10.000000000000009,4,3
proxy,HBAR-USD,2025-01-16,0.3634339869,396.3783366833575,2025-01-17,0.3634299934,134176604.52375703,134176604.52375703,False,0.32708699405999997,97527.60499300684,48861330.10149643,,2025-01-19,0.32708699405999997,STOP,87774.84449370616,-5061682.699137062,-10.359281437125762,-10.000000000000009,3,2
proxy,SOL-USD,2025-01-18,261.869751,14.088055100775964,2025-01-19,261.8724365,188411.39590654708,188411.39590654708,False,235.68519285,98679.50262082722,49438430.81303443,,2025-01-20,235.68519285,STOP,88811.5523587445,-5121466.186020926,-10.359281437125736,-9.999999999999998,2,1
proxy,SUI20947-USD,2024-11-06,2.305567026,153.5824972169819,2024-11-07,2.305545092,18713262.960791167,18713262.960791167,False,2.0749905828,86288.54314911492,43230560.117706574,2025-01-20,2025-01-21,4.406771183,EXIT_MA,164930.13591103154,39069577.701898165,90.37490514932252,91.13793082126367,75,75
proxy,LTC-USD,2025-01-16,124.2975922,0.438568971854858,2025-01-17,124.2969131,392319.25146474066,392319.25146474066,False,111.86722179,97528.14381353983,48861600.05058346,,2025-01-23,111.86722179,STOP,87775.32943218586,-5061710.66392272,-10.359281437125754,-9.999999999999998,7,6
proxy,XRP-USD,2024-11-29,1.796730995,138.562789285265,2024-11-30,1.796715021,25960026.794985004,25960026.794985004,False,1.6170435189,93285.54017622408,46736055.62828827,2025-02-02,2025-02-03,2.579794884,EXIT_MA,133943.08862841045,20101545.59728855,43.01078755375655,43.58397708303012,65,65
proxy,WBT-USD,2024-08-23,10.95102501,10.502160719931208,2024-08-24,10.95039368,3726471.8885016656,3726471.8885016656,False,9.855354312,81612.66843309261,40887946.8849794,2025-02-14,2025-02-15,27.08460617,EXIT_MA,201860.04700728753,59840216.57165708,146.35172741735286,147.33910909036837,175,175
proxy,LEO-USD,2025-01-15,9.650322914,9.17368093239147,2025-01-16,9.650361061,5050005.808931365,5050005.808931365,False,8.6853249549,97468.7588326701,48831848.17516772,2025-02-24,2025-02-25,8.72630024,EXIT_MA,88135.73380495833,-4852117.006493509,-9.93637797424374,-9.575401533258754,40,40
proxy,XRP-USD,2025-03-02,2.936942101,229.8229840017552,2025-03-03,2.937047005,15351888.065727264,15351888.065727264,False,2.6433423045000004,90178.43372907901,45179395.29826859,,2025-03-03,2.6433423045000004,STOP,81160.59035617112,-4680260.710539199,-10.359281437125745,-9.999999999999986,1,0
proxy,ADA-USD,2025-03-02,1.129503012,56.26537643674604,2025-03-03,1.129526019,39918093.1002899,39918093.1002899,False,1.0165734171,90177.04957128366,45178701.83521311,,2025-03-03,1.0165734171,STOP,81159.34461415528,-4680188.872749627,-10.35928143712576,-9.999999999999998,1,0
proxy,WBT-USD,2025-03-02,31.00735092,119.12396230189816,2025-03-03,31.00734138,1454094.1116318316,1454094.1116318316,False,27.906607242,90175.18503603207,45177767.703052066,,2025-03-10,27.906607242,STOP,81157.66653242886,-4680092.103370063,-10.359281437125746,-9.999999999999998,8,7
proxy,LEO-USD,2025-03-03,9.942689896,35.752790206399986,2025-03-04,9.942689896,4451768.87522438,4451768.87522438,False,8.948420906399999,88525.11483004144,44351082.52985076,2025-03-28,2025-03-29,9.696493149,EXIT_MA,86333.09279908927,-1270869.2231052145,-2.865475092405802,-2.476158359309244,25,25
proxy,XMR-USD,2025-04-23,230.1824493,16.541215880917978,2025-04-24,230.1360168,190888.7958463545,190888.7958463545,False,207.12241512,87860.77425565683,44018247.90208407,2025-06-12,2025-06-13,318.5281067,EXIT_MA,121606.89346236426,16663591.935635693,37.85609998085987,38.408629439701,50,50
proxy,XMR-USD,2025-07-14,344.3134766,28.361424383577038,2025-07-15,344.3134766,136165.19635560742,136165.19635560742,False,309.88212894000003,93767.02429824168,46977279.17341908,2025-07-18,2025-07-19,321.1074219,EXIT_MA,87447.31030851275,-3341071.329471223,-7.112100547878654,-6.739804357689783,4,4
proxy,WBT-USD,2025-05-08,30.38157463,55.75693744918202,2025-05-09,30.38140678,1478057.0653641263,1478057.0653641263,False,27.343266102,89810.90589376114,44995263.85277433,2025-07-28,2025-07-29,43.87030029,EXIT_MA,129685.61460656078,19717857.835899495,43.822074030762074,44.39851520924207,81,81
proxy,WBT-USD,2025-08-13,46.81517792,86.52794803096914,2025-08-14,46.81507111,1007434.0255192136,1007434.0255192136,False,42.133563998999996,94326.19108663108,47257421.734402165,2025-08-18,2025-08-19,44.01456451,EXIT_MA,88683.53981156883,-3004335.368429318,-6.357383154151723,-5.982062044549141,5,5
proxy,BTC-USD,2025-08-13,123344.0625,0.0,2025-08-14,123339.3984,382.37108614242214,382.37108614242214,False,111005.45856000001,94322.83946072185,47255742.56982165,2025-08-19,2025-08-20,112828.0234,EXIT_MA,86284.34770952124,-4199853.0627705455,-8.887497760859747,-8.522317391163792,6,6
proxy,ETH-USD,2025-08-22,4831.348633,47.55475364220793,2025-08-23,4831.088379,9659.696625795152,9659.696625795152,False,4347.9795411,93333.69622708893,46760181.80977155,,2025-08-25,4347.9795411,STOP,84000.32660438004,-4844018.834185913,-10.359281437125743,-10.000000000000009,3,2
proxy,BCH-USD,2025-07-25,556.8209229,3.6336643557197457,2025-07-26,556.8322754,83197.68229031828,83197.68229031828,False,501.14904786,92654.30947544842,46419809.04719966,2025-08-25,2025-08-26,544.437439,EXIT_MA,90591.86615375309,-1214467.8364768699,-2.616270642651716,-2.225955094125265,31,31
proxy,TRX-USD,2025-07-18,0.3261730075,19.90859749451771,2025-07-19,0.3261719942,142413133.9290354,142413133.9290354,False,0.29355479478,92902.35178781032,46544078.24569297,2025-09-04,2025-09-05,0.3346959949,EXIT_MA,95330.2110944109,1025697.0904180706,2.2037112541013424,2.613345367344233,48,48
proxy,SOL-USD,2025-09-12,242.3032837,25.88376355932019,2025-09-13,242.3009796,192624.27085916288,192624.27085916288,False,218.07088164,93346.0990478218,46766395.62295873,,2025-09-22,218.07088164,STOP,84011.48914303961,-4844662.5405819565,-10.359281437125759,-9.999999999999998,10,9
proxy,CRO-USD,2025-08-26,0.2003619969,77.88566918380921,2025-08-27,0.2003680021,227899687.23188105,227899687.23188105,False,0.18033120189000001,91327.61001973378,45755132.61988662,2025-09-23,2025-09-24,0.2058899999,EXIT_MA,93844.53316276404,1073289.4283326343,2.3457246583657563,2.755927963609728,28,28
proxy,BTC-USD,2025-10-03,122266.5312,0.0,2025-10-04,122267.4688,413.0847541491342,413.0847541491342,False,110040.72192000001,101013.65457936988,50607840.94426431,,2025-10-10,110040.72192000001,STOP,90912.2891214329,-5242608.6726692915,-10.35928143712574,-9.999999999999998,7,6
proxy,LTC-USD,2025-10-09,125.9339676,12.866954361820849,2025-10-10,125.9281998,442901.2474607815,442901.2474607815,False,113.33537982,111547.51356382106,55885304.29547435,,2025-10-10,113.33537982,STOP,100392.76220743897,-5789315.953962311,-10.359281437125745,-9.999999999999998,1,0
proxy,BNB-USD,2025-08-20,869.1038818,8.166682332336539,2025-08-21,869.1038818,53143.742920146215,53143.742920146215,False,782.19349362,92374.86653056068,46279808.1318109,2025-10-30,2025-10-31,1078.612549,EXIT_MA,114643.01602899922,10927056.866659708,23.61085170348596,24.10628597885063,71,71
proxy,ZEC-USD,2025-09-24,58.77371979,19.584587321287223,2025-09-25,58.77337646,779371.651935486,779371.651935486,False,52.896038814,91612.60700291282,45897916.10845932,2025-11-30,2025-12-01,427.6838989,EXIT_MA,666649.4135838047,286760141.2698592,624.7781284715172,627.6830508301207,67,67
proxy,GRAM-USD,2026-08-21,1.491085052,60931.94421238619,2026-08-22,1.491063952,46465970.26625137,46465970.26625137,False,1.3419575568,138567.46651742252,69422300.72522868,2026-08-22,2026-08-23,1.442782044,EXIT_MA,134080.53511437075,-2516113.703157671,-3.6243594304319746,-3.238084317928702,1,1
percentile,BTC-USD,2016-11-01,729.7930298,100.0,2016-11-02,730.065979,10276.886313994226,10276.886313994226,False,657.0593811,15005.61013579579,7517810.678033691,2017-01-11,2017-01-12,775.1779785,EXIT_MA,15932.831916312722,432672.4482063567,5.755298540179835,6.179167472204594,71,71
percentile,BTC-USD,2017-03-01,1222.5,100.0,2017-03-02,1224.680054,6161.513647129224,6161.513647129224,False,1102.2120486,15091.76573217591,7560974.631820131,,2017-03-10,1102.2120486,STOP,13582.589158958319,-783262.641499931,-10.359281437125766,-10.000000000000009,9,8
percentile,LTC-USD,2017-03-30,6.980629921,100.0,2017-03-31,7.018730164,1070634.8596162717,1070634.8596162717,False,6.3168571476,15028.994367637264,7529526.1781862695,,2017-03-31,6.3168571476,STOP,13526.094930873538,-780004.807680374,-10.359281437125748,-9.999999999999998,1,0
percentile,LTC-USD,2017-04-02,7.74450016,100.0,2017-04-03,7.744619846,957480.1758318971,957480.1758318971,False,6.9701578614,14830.639943798558,7430150.611843078,2017-07-26,2017-07-27,42.35319901,EXIT_MA,81104.69687027625,33041093.126424775,444.6894128062473,446.8725367052703,115,115
percentile,LTC-USD,2017-08-23,53.24810028,100.0,2017-08-24,52.82440186,185796.06234562196,185796.06234562196,False,47.541961674,19629.1317227015,9834194.99307345,,2017-09-14,47.541961674,STOP,17666.21855043135,-1018751.9364082068,-10.35928143712574,-10.000000000000009,22,21
percentile,LTC-USD,2017-11-16,71.06020355,100.0,2017-11-17,70.4484024,138148.78755970293,138148.78755970293,False,63.40356216000001,19464.722754156137,9751826.099832224,2018-01-16,2018-01-17,190.1450043,EXIT_MA,52536.60360915901,16463939.10113812,168.829293432759,169.90676555072594,61,61
percentile,LINK-USD,2019-04-02,0.5842790008,92.3076923076923,2019-04-03,0.5836020112,18915066.91431919,18915066.91431919,False,0.52524181008,22077.742186358515,11060948.835365616,,2019-04-04,0.52524181008,STOP,19869.967967722667,-1145834.8194720056,-10.359281437125736,-9.999999999999998,2,1
percentile,BNB-USD,2019-04-18,22.03847885,100.0,2019-04-19,22.0264492,497572.3987095032,497572.3987095032,False,19.823804279999997,21919.506326994033,10981672.66982401,,2019-05-08,19.823804279999997,STOP,19727.555694294628,-1137622.378370991,-10.359281437125755,-10.000000000000009,20,19
percentile,BNB-USD,2019-05-15,26.89493942,100.0,2019-05-16,26.78861809,418609.3757291442,418609.3757291442,False,24.109756281,22427.93339060272,11236394.628691962,,2019-05-17,24.109756281,STOP,20185.140051542447,-1164009.7429722808,-10.359281437125746,-9.999999999999998,2,1
percentile,LTC-USD,2019-05-26,111.418602,84.61538461538461,2019-05-27,111.4352951,104868.07723936583,104868.07723936583,False,100.29176559000001,23372.01026747665,11709377.144005802,,2019-06-04,100.29176559000001,STOP,21034.809240728984,-1213007.3328820374,-10.359281437125741,-9.999999999999998,9,8
percentile,LTC-USD,2019-06-10,129.0714417,84.61538461538461,2019-06-11,129.2641296,90502.99031802065,90502.99031802065,False,116.33771664,23397.58053931233,11722187.850195477,,2019-06-27,116.33771664,STOP,21057.822485381097,-1214334.4299903102,-10.359281437125752,-9.999999999999998,17,16
percentile,BTC-USD,2019-06-26,13016.23145,84.61538461538461,2019-06-27,13017.125,1023.6646177838428,1023.6646177838428,False,11715.4125,26650.34057553901,13351820.628345042,,2019-06-27,11715.4125,STOP,23985.30651798511,-1383152.6758704726,-10.359281437125736,-9.999999999999998,1,0
percentile,BNB-USD,2019-05-18,28.39679337,100.0,2019-05-19,28.37143326,397835.2298089535,397835.2298089535,False,25.534289934,22574.311342002973,11309729.98234349,2019-07-02,2019-07-03,32.03412628,EXIT_MA,25488.607980665674,1409085.4000086822,12.459054302874751,12.909791995471442,45,45
percentile,LINK-USD,2019-05-06,0.5781199932,92.3076923076923,2019-05-07,0.5787879825,18976716.070213187,18976716.070213187,False,0.52090918425,21966.990417508037,11005462.199171526,2019-07-25,2019-07-26,2.383176088,EXIT_MA,90449.7119345948,34128944.05619127,310.1091388852387,311.7528628887867,80,80
percentile,LINK-USD,2020-02-11,3.975558996,100.0,2020-02-12,3.975200891,3313416.180156138,3313416.180156138,False,3.5776808019,26342.989903220994,13197837.941513717,,2020-02-25,3.5776808019,STOP,23708.690912898895,-1367201.1759771686,-10.359281437125741,-9.999999999999998,14,13
percentile,LINK-USD,2020-05-09,4.040320873,100.0,2020-05-10,4.0373559,3234926.5875530886,3234926.5875530886,False,3.63362031,26121.099888648656,13086671.044212976,,2020-05-10,3.63362031,STOP,23508.98989978379,-1355685.0842208657,-10.359281437125754,-9.999999999999998,1,0
percentile,ADA-USD,2020-05-30,0.07695800066,86.66666666666667,2020-05-31,0.07690499723,169442412.33951017,169442412.33951017,False,0.069214497507,26061.93650322909,13057030.188117776,2020-08-19,2020-08-20,0.1293089986,EXIT_MA,43820.85731998069,8809577.614552587,67.46999499602538,68.14121742085916,81,81
percentile,ETH-USD,2020-08-13,428.7417908,80.0,2020-08-14,428.6772766,41080.84135829831,41080.84135829831,False,385.80954894,35220.846387823934,17645644.040299788,,2020-08-22,385.80954894,STOP,31698.76174904154,-1827961.927528061,-10.359281437125743,-9.999999999999998,9,8
percentile,XLM-USD,2020-07-09,0.0905880034,73.33333333333333,2020-07-10,0.09052400291,161338383.22679356,161338383.22679356,False,0.081471602619,29209.99254543391,14634206.265262388,2020-08-25,2020-08-26,0.09807900339,EXIT_MA,31647.81567087561,1158053.754504541,7.913334918979818,8.3458532954086,47,47
percentile,ETH-USD,2020-09-01,477.0519104,86.66666666666667,2020-09-02,477.0078735,36070.810542058716,36070.810542058716,False,429.30708615000003,34412.12126417762,17240472.75335299,,2020-09-02,429.30708615000003,STOP,30970.90913775986,-1785989.0936108176,-10.359281437125743,-9.999999999999998,1,0
percentile,CRO-USD,2020-05-25,0.07930099964,93.33333333333333,2020-05-26,0.07936999947,163534698.07277757,163534698.07277757,False,0.071432999523,25959.49779872593,13005708.39716169,2020-09-03,2020-09-04,0.1540420055,EXIT_MA,50382.42571993529,12135122.037086016,93.30612117779246,94.08089521056917,101,101
percentile,LINK-USD,2020-06-23,4.806252003,93.33333333333333,2020-06-24,4.808690071,2829165.097194533,2829165.097194533,False,4.3278210639,27209.1562241982,13631787.268323299,2020-09-03,2020-09-04,12.01146793,EXIT_MA,67964.85166725493,20282673.71363691,148.78954105136694,149.78669352051074,72,72
percentile,TRX-USD,2020-09-01,0.03455299884,73.33333333333333,2020-09-02,0.03461699933,498007398.9654777,498007398.9654777,False,0.031155299397000003,34479.043592645976,17274000.839915633,,2020-09-05,0.031155299397000003,STOP,31031.139233381375,-1789462.362458326,-10.359281437125748,-9.999999999999998,4,3
percentile,LINK-USD,2020-11-21,15.35593414,100.0,2020-11-22,15.35593414,1028615.4227542102,1028615.4227542102,False,13.820340726000001,31590.70137440382,15826941.388576314,,2020-11-26,13.820340726000001,STOP,28431.63123696344,-1639557.401331557,-10.359281437125741,-9.999999999999998,5,4
percentile,ETH-USD,2020-11-21,549.4866333,93.75,2020-11-22,549.4866333,28745.65044893133,28745.65044893133,False,494.53796997,31590.70137440382,15826941.388576314,,2020-11-26,494.53796997,STOP,28431.63123696344,-1639557.401331557,-10.359281437125741,-9.999999999999998,5,4
percentile,XRP-USD,2020-11-21,0.4583440125,75.0,2020-11-22,0.4583440125,34461780.358049095,34461780.358049095,False,0.41250961125,31590.70137440382,15826941.388576314,,2020-12-22,0.41250961125,STOP,28431.631236963436,-1639557.4013315588,-10.359281437125752,-9.999999999999998,31,30
percentile,ETH-USD,2020-12-17,642.8689575,87.5,2020-12-18,642.9169922,25089.027053121536,25089.027053121536,False,578.62529298,32260.323620434654,16162422.133837761,,2020-12-23,578.62529298,STOP,29034.29125839119,-1674310.7959005572,-10.359281437125741,-9.999999999999986,6,5
percentile,DOGE-USD,2021-01-02,0.01061499957,100.0,2021-01-03,0.01060200017,1549029591.774572,1549029591.774572,False,0.009541800153000001,32845.62399065809,16455657.619319702,,2021-01-03,0.009541800153000001,STOP,29561.06159159228,-1704687.885115154,-10.359281437125745,-9.999999999999998,1,0
percentile,XLM-USD,2021-01-06,0.3407930136,93.75,2021-01-07,0.3431580067,54936285.11030327,54936285.11030327,False,0.30884220603,37703.652187909116,18889529.74614247,,2021-01-07,0.30884220603,STOP,33933.286969118206,-1956819.5485524833,-10.359281437125748,-9.999999999999998,1,0
percentile,LINK-USD,2021-01-06,17.15525627,81.25,2021-01-07,17.15868568,1091321.625516531,1091321.625516531,False,15.442817112000002,37451.28949604965,18763096.037520874,,2021-01-07,15.442817112000002,STOP,33706.160546444684,-1943721.9248449765,-10.359281437125748,-9.999999999999998,1,0
percentile,LINK-USD,2021-01-15,20.70972633,81.25,2021-01-16,20.7149086,866230.8201621376,866230.8201621376,False,18.64341774,35887.784532323436,17979780.05069404,,2021-01-21,18.64341774,STOP,32299.006079091094,-1862576.0172275845,-10.35928143712574,-10.000000000000009,6,5
percentile,LINK-USD,2021-01-23,24.76153183,87.5,2021-01-24,24.77108955,719620.2306384145,719620.2306384145,False,22.293980595,35651.55435027164,17861428.72948609,,2021-01-26,22.293980595,STOP,32086.398915244477,-1850315.670779096,-10.359281437125738,-9.999999999999998,3,2
percentile,LTC-USD,2020-12-25,126.9835968,81.25,2020-12-26,127.0791931,123640.0496963986,123640.0496963986,False,114.37127379,31424.155500524466,15743501.905762756,2021-01-27,2021-01-28,122.9412537,EXIT_MA,30400.9254344111,-573440.1139916182,-3.6423923814670225,-3.256189545320609,33,33
percentile,DOGE-USD,2021-01-28,0.03408399969,100.0,2021-01-29,0.04373399913,522615809.95341426,522615809.95341426,False,0.039360599217,45712.158755653734,22901791.53658252,,2021-01-29,0.039360599217,STOP,41140.942880088354,-2372461.039418429,-10.359281437125752,-10.000000000000009,1,0
percentile,DOGE-USD,2021-01-29,0.04716200009,100.0,2021-01-30,0.04680300131,377247530.3457191,377247530.3457191,False,0.042122701179,35312.63331392992,17691629.29027889,,2021-01-30,0.042122701179,STOP,31781.36998253692,-1832725.6689929664,-10.35928143712577,-9.999999999999998,1,0
percentile,LINK-USD,2021-02-05,26.36332512,81.25,2021-02-06,26.34899902,750189.3887508436,750189.3887508436,False,23.714099118,39533.47893802076,19806272.9479484,,2021-02-07,23.714099118,STOP,35580.13104421868,-2051787.5568832792,-10.359281437125759,-9.999999999999998,2,1
percentile,DOGE-USD,2021-02-07,0.07878199965,100.0,2021-02-08,0.07835199684,258548521.37408194,258548521.37408194,False,0.070516797156,40515.58585937748,20298308.515548117,,2021-02-08,0.070516797156,STOP,36464.02727343973,-2102758.9061016925,-10.359281437125754,-9.999999999999998,1,0
percentile,XLM-USD,2021-02-06,0.3763000071,81.25,2021-02-07,0.3760460019,53985544.07681633,53985544.07681633,False,0.33844140171,40602.09602096601,20341650.10650397,,2021-02-23,0.33844140171,STOP,36541.886418869406,-2107248.783488136,-10.359281437125748,-9.999999999999998,17,16
percentile,ETH-USD,2020-12-27,682.642334,100.0,2020-12-28,683.2058105,23157.897581977544,23157.897581977544,False,614.88522945,31643.220373941916,15853253.4073449,2021-02-25,2021-02-26,1478.65332,EXIT_MA,68485.00428762213,18320763.73217854,115.56469364004758,116.42868038810393,60,60
percentile,HBAR-USD,2021-03-09,0.2104299963,75.0,2021-03-10,0.2103569955,129226821.78994724,129226821.78994724,False,0.18932129595,54367.53193949447,27238133.50168673,,2021-03-10,0.18932129595,STOP,48930.77874554502,-2821674.9076597616,-10.359281437125743,-10.000000000000009,1,0
percentile,XLM-USD,2021-04-05,0.5363669991,75.0,2021-04-06,0.5390740037,54761064.21085475,54761064.21085475,False,0.48516660333000006,59040.532262036504,29579306.663280286,,2021-04-07,0.48516660333000006,STOP,53136.479035832854,-3064203.624399692,-10.359281437125741,-9.999999999999998,2,1
percentile,XRP-USD,2021-04-13,1.794000983,70.58823529411765,2021-04-14,1.794247985,19448382.87765214,19448382.87765214,False,1.6148231865,69790.4435794717,34965012.23331532,,2021-04-14,1.6148231865,STOP,62811.39922152453,-3622124.021774579,-10.359281437125741,-9.999999999999998,1,0
percentile,TRX-USD,2021-04-15,0.1646499932,70.58823529411765,2021-04-16,0.1643269956,228362818.55382565,228362818.55382565,False,0.14789429604,75052.35175939622,37601228.2314575,,2021-04-16,0.14789429604,STOP,67547.11658345659,-3895217.0563126653,-10.359281437125754,-9.999999999999986,1,0
percentile,BTC-USD,2020-11-18,17804.00586,87.5,2020-11-19,17803.86133,884.1895575072873,884.1895575072873,False,16023.475197,31483.97654258761,15773472.247836392,2021-04-18,2021-04-19,56191.58594,EXIT_MA,99368.0270158426,33811173.23306906,214.35466270089552,215.61460122875488,151,151
percentile,ADA-USD,2020-12-28,0.1767349988,87.5,2020-12-29,0.1767089963,90335957.97012548,90335957.97012548,False,0.15903809667000002,31926.352925399722,15995102.81562526,2021-04-19,2021-04-20,1.194609046,EXIT_MA,215832.30514037542,91705217.44942206,573.3330914249409,576.0318212502914,112,112
percentile,HBAR-USD,2021-03-10,0.220273003,81.25,2021-03-11,0.220103994,120049340.49856792,120049340.49856792,False,0.1980935946,52846.6786416015,26476185.999442354,2021-04-19,2021-04-20,0.2886550128,EXIT_MA,69305.68783649136,8107352.230966836,30.621299575163864,31.14483183799017,40,40
percentile,SOL-USD,2021-04-18,32.30291748,94.11764705882352,2021-04-19,32.33952332,1187821.6273111687,1187821.6273111687,False,29.105570988,76827.17043285978,38490412.38686275,,2021-04-20,29.105570988,STOP,69144.4533895738,-3987330.145465426,-10.359281437125759,-9.999999999999998,2,1
percentile,SOL-USD,2021-04-22,38.87976074,94.11764705882352,2021-04-23,38.89918137,919038.4748860244,919038.4748860244,False,35.009263233,71499.6886411993,35821344.00924085,,2021-04-23,35.009263233,STOP,64349.71977707937,-3710833.840478245,-10.359281437125752,-10.000000000000009,1,0
percentile,SOL-USD,2021-04-25,47.36762619,94.11764705882352,2021-04-26,47.54185486,741457.8592755258,741457.8592755258,False,42.787669374000004,70500.5638609667,35320782.49434432,,2021-04-27,42.787669374000004,STOP,63450.50747487004,-3658979.2643841654,-10.35928143712573,-9.999999999999998,2,1
percentile,SOL-USD,2021-05-01,49.50802231,94.11764705882352,2021-05-02,49.5008049,830715.4885437317,830715.4885437317,False,44.55072441,82242.17065162289,41203327.49646307,,2021-05-04,44.55072441,STOP,74017.9535864606,-4268368.656819224,-10.35928143712574,-9.999999999999998,3,2
percentile,BNB-USD,2021-02-09,107.8992767,75.0,2021-02-10,107.7085571,197475.8809578846,197475.8809578846,False,96.93770139,42539.68440005023,21312381.884425167,2021-05-17,2021-05-18,511.3919983,EXIT_MA,201975.17075821105,79473228.32392214,372.8969795816216,374.79235825729955,97,97
percentile,ETH-USD,2021-05-03,3431.086182,76.47058823529412,2021-05-04,3431.131592,12622.405833929733,12622.405833929733,False,3088.0184328,86618.27084768284,43395753.6946891,,2021-05-19,3088.0184328,STOP,77956.44376291455,-4495488.256994739,-10.359281437125748,-10.000000000000009,16,15
percentile,ADA-USD,2021-05-06,1.650123954,82.35294117647058,2021-05-07,1.648682952,28565735.132508345,28565735.132508345,False,1.4838146568,94191.68104862793,47190032.205362596,,2021-05-19,1.4838146568,STOP,84772.51294376513,-4888548.246423796,-10.35928143712576,-9.999999999999998,13,12
percentile,SOL-USD,2021-05-18,55.91096115,94.11764705882352,2021-05-19,56.08925629,761563.0803709083,761563.0803709083,False,50.480330661,85431.01359185149,42800937.80951759,,2021-05-19,50.480330661,STOP,76887.91223266635,-4433869.605417088,-10.35928143712574,-9.999999999999998,1,0
percentile,DOGE-USD,2021-04-11,0.07464899868,94.11764705882352,2021-04-12,0.07454399765,431173236.9228287,431173236.9228287,False,0.067089597885,64282.75351983647,32205659.513438072,2021-05-23,2021-05-24,0.3067150116,EXIT_MA,264494.6087287899,99777150.24222806,309.812473179117,311.45500814175875,42,42
percentile,ADA-USD,2021-08-19,2.428139925,88.23529411764706,2021-08-20,2.437794924,14945371.25808894,14945371.25808894,False,2.1940154316,72867.50038052943,36506617.69064524,,2021-09-07,2.1940154316,STOP,65580.75034247649,-3781823.269749474,-10.35928143712574,-9.999999999999998,19,18
percentile,ETH-USD,2021-09-01,3834.828125,76.47058823529412,2021-09-02,3825.027832,10080.573427868861,10080.573427868861,False,3442.5250488,77116.94784823609,38635590.87196628,,2021-09-07,3442.5250488,STOP,69405.25306341247,-4002369.5933234543,-10.359281437125752,-9.999999999999998,6,5
percentile,AVAX-USD,2021-11-08,91.18478394,90.0,2021-11-09,91.07372284,486623.1651754585,486623.1651754585,False,81.96635055600001,88637.16654542649,44407220.43925867,,2021-11-10,81.96635055600001,STOP,79773.44989088384,-4600268.94370763,-10.359281437125738,-9.999999999999986,2,1
percentile,AVAX-USD,2021-11-17,107.8020782,90.0,2021-11-18,107.5849991,394798.27151852846,394798.27151852846,False,96.82649919,84948.74337200489,42559320.42937445,,2021-11-18,96.82649919,STOP,76453.8690348044,-4408839.7810070515,-10.359281437125743,-9.999999999999998,1,0
percentile,SOL-USD,2021-08-15,53.74515915,94.11764705882352,2021-08-16,53.54114914,657675.421052094,657675.421052094,False,48.187034226,70425.39560852492,35283123.19987098,2021-11-26,2021-11-27,192.2835693,EXIT_MA,252920.354801554,90924133.84610447,257.69865476771895,259.1323167106757,103,103
percentile,AVAX-USD,2021-11-19,112.0235596,90.0,2021-11-20,112.0843124,377326.9987507371,377326.9987507371,False,100.87588116,84584.87440986406,42377022.07934189,,2021-12-03,100.87588116,STOP,76126.38696887766,-4389954.98187194,-10.35928143712574,-9.999999999999998,14,13
percentile,NEAR-USD,2021-12-11,11.63622475,75.0,2021-12-12,11.63486004,3509142.3648181176,3509142.3648181176,False,10.471374036,81656.76055018682,40910037.0356436,,2021-12-13,10.471374036,STOP,73491.08449516815,-4237985.872554697,-10.35928143712575,-9.999999999999998,2,1
percentile,CRO-USD,2021-11-17,0.5338889956,80.0,2021-11-18,0.5347470045,79717084.43182087,79717084.43182087,False,0.48127230405000004,85256.94421477959,42713729.05160457,2021-12-17,2021-12-18,0.5222380161,EXIT_MA,83262.58404590064,-1165699.6127001494,-2.7290982046821766,-2.3392348708332067,30,30
percentile,NEAR-USD,2021-12-23,13.72949409,80.0,2021-12-24,13.73681068,2925975.22490556,2925975.22490556,False,12.363129612,80387.1354377962,40273954.85433589,,2022-01-21,12.363129612,STOP,72348.42189401656,-4172092.329221621,-10.359281437125746,-9.999999999999998,29,28
percentile,BNB-USD,2023-04-16,348.2209167,80.95238095238095,2023-04-17,348.1757507,114465.41755983977,114465.41755983977,False,313.35817563,79708.16537617236,39933790.853462346,2023-05-02,2023-05-03,321.975708,EXIT_MA,73710.1677206901,-3152417.160837993,-7.8941094583427756,-7.5249475724042725,16,16
percentile,LTC-USD,2023-05-17,93.88973236,100.0,2023-05-18,93.88941956,422014.42426257685,422014.42426257685,False,84.500477604,79245.37867992184,39701934.71864084,2023-05-24,2023-05-25,85.98468781,EXIT_MA,72573.55704306913,-3487729.7541493475,-8.784785373473976,-8.419193330882702,7,7
percentile,TRX-USD,2023-05-21,0.07512400299,85.71428571428571,2023-05-22,0.07512100041,526674574.30788743,526674574.30788743,False,0.067608900369,79128.64182503878,39643449.55434442,2023-06-09,2023-06-10,0.07198999822,EXIT_MA,75830.60333388815,-1803978.4907342345,-4.5505083715313095,-4.1679452788320415,19,19
percentile,XRP-USD,2023-05-30,0.521938026,100.0,2023-05-31,0.5218949914,75499207.3571715,75499207.3571715,False,0.46970549225999997,78805.31634875567,39481463.49072659,,2023-06-14,0.46970549225999997,STOP,70924.78471388012,-4089995.918500416,-10.359281437125741,-9.999999999999998,15,14
percentile,XRP-USD,2023-07-13,0.8153650165,95.23809523809523,2023-07-14,0.8161969781,48545019.85954296,48545019.85954296,False,0.73457728029,79244.5970223269,39701543.108185776,,2023-07-14,0.73457728029,STOP,71320.13732009422,-4112794.585458763,-10.359281437125741,-9.999999999999998,1,0
percentile,ETH-USD,2023-06-30,1933.188965,85.71428571428571,2023-07-01,1933.323853,20550.338217809276,20550.338217809276,False,1739.9914677000002,79460.91812741637,39809919.9818356,2023-07-24,2023-07-25,1850.027954,EXIT_MA,76037.4003342034,-1867257.2150681093,-4.690431972533726,-4.308429695870519,24,24
percentile,BTC-USD,2023-06-20,28327.48828,100.0,2023-06-21,28311.31055,1373.902025803575,1373.902025803575,False,25480.179495,77793.93383559825,38974760.85163472,2023-07-30,2023-07-31,29278.31445,EXIT_MA,80451.07106993817,1170323.6122644246,3.0027730425838848,3.4156098082856357,40,40
percentile,BCH-USD,2023-06-29,253.4472198,100.0,2023-06-30,253.4526825,154403.96728230506,154403.96728230506,False,228.10741425,78268.19939268491,39212367.89573514,,2023-08-02,228.10741425,STOP,70441.37945341642,-4062119.5484803393,-10.35928143712573,-9.999999999999998,34,33
percentile,TRX-USD,2023-07-22,0.08381599933,80.95238095238095,2023-07-23,0.08383499831,459024538.89990956,459024538.89990956,False,0.07545149847900001,76964.6428858449,38559286.08580829,2023-08-02,2023-08-03,0.07645499706,EXIT_MA,70189.43954412088,-3534755.753291972,-9.167067422944159,-8.803007572935929,11,11
percentile,BCH-USD,2023-10-23,260.6100769,100.0,2023-10-24,260.6049194,145768.33990438236,145768.33990438236,False,234.54442746000004,75975.89294370676,38063922.364797086,,2023-11-02,234.54442746000004,STOP,68378.30364933607,-3943148.8437783867,-10.359281437125764,-9.999999999999998,10,9
percentile,BCH-USD,2023-12-04,251.2904816,81.81818181818183,2023-12-05,251.3426056,165370.39174150312,165370.39174150312,False,226.20834504,83129.25029880424,41647754.399700925,,2023-12-11,226.20834504,STOP,74816.3252689238,-4314408.090507947,-10.359281437125766,-9.999999999999998,7,6
percentile,CRO-USD,2023-12-09,0.1087479964,77.27272727272727,2023-12-10,0.1087940037,393359454.54637915,393359454.54637915,False,0.09791460333,85590.29990669752,42880740.25325546,,2023-12-11,0.09791460333,STOP,77031.26991602776,-4442136.565157607,-10.359281437125762,-9.999999999999998,2,1
percentile,TRX-USD,2023-10-23,0.09223800153,90.9090909090909,2023-10-24,0.09222599864,411855175.1114292,411855175.1114292,False,0.083003398776,75967.50963940726,38059722.329343036,2023-12-15,2023-12-16,0.1015700027,EXIT_MA,83664.26249615366,3688744.656237647,9.691990457307469,10.131637713649377,53,53
percentile,ADA-USD,2023-12-13,0.6652439833,86.36363636363636,2023-12-14,0.665504992,62642520.40436988,62642520.40436988,False,0.5989544928,83377.82008114005,41772287.86065116,,2023-12-16,0.5989544928,STOP,75040.03807302604,-4327308.862211168,-10.359281437125748,-9.999999999999998,3,2
percentile,LINK-USD,2023-11-05,12.22770214,100.0,2023-11-06,12.22693062,3135478.8700601687,3135478.8700601687,False,11.004237558,76674.56520940336,38413957.16991108,2023-12-17,2023-12-18,14.01838684,EXIT_MA,87908.71145829908,5452489.847780161,14.194033235531881,14.651724751505956,42,42
percentile,HBAR-USD,2023-12-21,0.09124100208,77.27272727272727,2023-12-22,0.09124799818,486466313.9254544,486466313.9254544,False,0.082123198362,88778.15465540234,44477855.48235657,,2024-01-05,0.082123198362,STOP,79900.3391898621,-4607586.226615384,-10.359281437125755,-10.000000000000009,15,14
percentile,AVAX-USD,2023-12-10,37.07502747,95.45454545454545,2023-12-11,37.08013916,1157949.672313432,1157949.672313432,False,33.372125244,85873.86997931692,43022808.859637775,,2024-01-07,33.372125244,STOP,77286.48298138523,-4456853.851926543,-10.359281437125736,-9.999999999999998,28,27
percentile,BTC-USD,2023-11-01,35437.25391,81.81818181818183,2023-11-02,35441.57812,1088.649406339929,1088.649406339929,False,31897.420308,77166.90596017645,38660619.8860484,2024-01-14,2024-01-15,41715.06641,EXIT_MA,90826.16456535444,6661636.232063465,17.23106419839759,17.700928183160713,74,74
percentile,NEAR-USD,2023-12-20,2.839524031,86.36363636363636,2023-12-21,2.839971066,14947304.885120014,14947304.885120014,False,2.5559739594,84899.82677684259,42534813.21519813,2024-01-19,2024-01-20,3.002372026,EXIT_MA,89754.74010235496,2252802.0958769917,5.296372372624037,5.718401921211691,30,30
percentile,SOL-USD,2023-10-30,34.96233749,86.36363636363636,2023-10-31,34.95983124,1084687.3744462423,1084687.3744462423,False,31.463848116,75840.97511759865,37996328.53391692,2024-01-22,2024-01-23,83.62184143,EXIT_MA,181407.11125413343,52525819.981895655,138.23919838731044,139.1940649139129,84,84
percentile,HBAR-USD,2024-02-19,0.1119939983,72.72727272727273,2024-02-20,0.1119939983,377913611.42949533,377913611.42949533,False,0.10079459847,84648.11271196352,42408704.468693726,,2024-02-21,0.10079459847,STOP,76183.30144076717,-4393237.049750909,-10.359281437125754,-9.999999999999998,2,1
percentile,UNI7083-USD,2024-02-23,11.33698177,86.36363636363636,2024-02-24,11.35517025,3650132.9635593644,3650132.9635593644,False,10.219653225,82895.76247270725,41530776.99882633,,2024-02-25,10.219653225,STOP,74606.18622543654,-4302290.0723335,-10.359281437125732,-9.999999999999998,2,1
percentile,SHIB-USD,2024-03-02,2.300000051e-05,77.27272727272727,2024-03-03,2.300000051e-05,1909821191701.7668,1909821191701.7668,False,2.0700000459e-05,87851.77676629889,44013740.159915745,,2024-03-03,2.0700000459e-05,STOP,79066.599089669,-4559507.21417091,-10.359281437125743,-10.000000000000009,1,0
percentile,BCH-USD,2024-03-02,500.8060608,95.45454545454545,2024-03-03,501.0927124,87710.37697303653,87710.37697303653,False,450.98344116,87902.06140609075,44038932.76445147,,2024-03-04,450.98344116,STOP,79111.85526548169,-4562116.986976109,-10.359281437125748,-9.999999999999998,2,1
percentile,SOL-USD,2024-02-29,125.7115173,100.0,2024-03-01,125.6367035,337504.09626998357,337504.09626998357,False,113.07303315,84805.80414621475,42487707.87725359,,2024-03-05,113.07303315,STOP,76325.22373159329,-4401421.235188544,-10.359281437125743,-9.999999999999998,5,4
percentile,SHIB-USD,2024-03-04,3.600000127e-05,91.30434782608695,2024-03-05,3.600000127e-05,1210679684397.9316,1210679684397.9316,False,3.2400001143e-05,87168.94035177748,43671639.11624052,,2024-03-05,3.2400001143e-05,STOP,78452.04631659975,-4524068.004257247,-10.35928143712574,-9.999999999999998,1,0
percentile,UNI7083-USD,2024-03-06,15.38644028,82.6086956521739,2024-03-07,15.38658142,2826346.220231339,2826346.220231339,False,13.847923278000001,86975.6124773975,43574781.85117615,,2024-03-10,13.847923278000001,STOP,78278.05122965775,-4514034.287576929,-10.359281437125745,-9.999999999999998,4,3
percentile,TRX-USD,2024-02-15,0.1311690062,72.72727272727273,2024-02-16,0.1311700046,321175000.7500103,321175000.7500103,False,0.11805300414,84257.05265156772,42212783.378435425,2024-03-14,2024-03-15,0.1291120052,EXIT_MA,82935.09673389066,-828170.1082239822,-1.9618941039719648,-1.5689558037874862,28,28
percentile,LINK-USD,2024-02-01,17.18424606,90.9090909090909,2024-02-02,17.18326378,2404845.2231072565,2404845.2231072565,False,15.464937402,82646.17963744988,41405735.998362385,2024-03-16,2024-03-17,18.12628937,EXIT_MA,87181.84080820868,2098002.564933747,5.066937018138559,5.48804698614711,44,44
percentile,BNB-USD,2024-03-15,632.8027954,73.91304347826086,2024-03-16,632.8027954,72448.20685401218,72448.20685401218,False,569.52251586,91690.85563787271,45937118.674574226,,2024-03-17,569.52251586,STOP,82521.77007408543,-4758755.407605596,-10.359281437125754,-10.000000000000009,2,1
percentile,ADA-USD,2024-02-15,0.6083629727,77.27272727272727,2024-02-16,0.6085270047,69248470.98713492,69248470.98713492,False,0.54767430423,84279.12925971214,42223843.75911578,2024-03-19,2024-03-20,0.5869140029,EXIT_MA,81285.79460352774,-1662232.2519554347,-3.9367146710715373,-3.551691483380448,33,33
percentile,DOGE-USD,2024-03-28,0.2200559974,78.26086956521739,2024-03-29,0.2200559974,203544899.3654203,203544899.3654203,False,0.19805039766000002,89582.5516910804,44880858.39723127,,2024-03-30,0.19805039766000002,STOP,80624.29652197236,-4649334.432767063,-10.359281437125729,-9.999999999999998,2,1
percentile,AVAX-USD,2024-03-11,49.00723267,82.6086956521739,2024-03-12,49.00715256,910944.6779859463,910944.6779859463,False,44.106437304,89285.6096155547,44732090.4173929,2024-04-02,2024-04-03,46.82069016,EXIT_MA,85302.11704176193,-2166334.0135537013,-4.842908062958263,-4.461516912909991,22,22
percentile,NEAR-USD,2024-02-24,3.861270905,90.9090909090909,2024-02-25,3.861773014,10763472.933434447,10763472.933434447,False,3.4755957126,83132.17862251314,41649221.48987908,2024-04-12,2024-04-13,5.793785095,EXIT_MA,124722.49810433685,20587305.06418501,49.43022781155178,50.029146560295466,48,48
percentile,SOL-USD,2024-03-07,143.9778595,95.65217391304348,2024-03-08,143.9772797,300247.29069186014,300247.29069186014,False,129.57955173,86457.57630221831,43315245.72741137,2024-04-12,2024-04-13,153.6344757,EXIT_MA,92256.67017157884,2720832.6882064715,6.281466588759614,6.707444410758656,36,36
percentile,BTC-USD,2024-02-09,47147.19922,81.81818181818183,2024-02-10,47153.52734,881.3026521645688,881.3026521645688,False,42438.174606,83113.05740731303,41639641.76106382,2024-04-13,2024-04-14,63836.23047,EXIT_MA,112518.07843479933,14506879.37790104,34.839107072880864,35.379544375778195,64,64
percentile,BCH-USD,2024-03-24,484.7536316,78.26086956521739,2024-03-25,484.7536316,90269.10996892281,90269.10996892281,False,436.27826844000003,87516.55775747019,43845795.43649256,2024-04-13,2024-04-14,481.4837646,EXIT_MA,86926.22178985669,-469610.76335407794,-1.071050846903382,-0.6745420326625173,20,20
percentile,HBAR-USD,2024-04-23,0.1564919949,82.6086956521739,2024-04-24,0.1564919949,261256782.9190227,261256782.9190227,False,0.14084279541,81769.19028030822,40966364.33043442,,2024-04-24,0.14084279541,STOP,73592.2712522774,-4243820.975547999,-10.359281437125754,-9.999999999999998,1,0
percentile,DOGE-USD,2024-05-21,0.1704739928,79.16666666666666,2024-05-22,0.1704739928,237419588.3437408,237419588.3437408,False,0.15342659352000002,80947.73038777967,40554812.92427761,,2024-05-23,0.15342659352000002,STOP,72852.9573490017,-4201187.207125761,-10.35928143712574,-9.999999999999986,2,1
percentile,NEAR-USD,2024-05-15,8.048585892,100.0,2024-05-16,8.048686981,5040178.375596318,5040178.375596318,False,7.2438182828999995,81133.63614715962,40647951.70972697,,2024-05-30,7.2438182828999995,STOP,73020.27253244366,-4210835.716037579,-10.359281437125736,-9.999999999999998,15,14
percentile,SHIB-USD,2024-05-29,2.800000038e-05,87.5,2024-05-30,2.800000038e-05,1426542444169.2805,1426542444169.2805,False,2.5200000342e-05,79886.37795765197,40023075.356783636,,2024-05-31,2.5200000342e-05,STOP,71897.74016188677,-4146103.016002141,-10.359281437125759,-9.999999999999998,2,1
percentile,BNB-USD,2024-05-21,618.4204712,70.83333333333334,2024-05-22,618.4204712,65447.16269717469,65447.16269717469,False,556.57842408,80947.73038777967,40554812.92427761,2024-06-11,2024-06-12,602.6026001,EXIT_MA,78877.2608209704,-1195059.7746133804,-2.946776691695632,-2.5577858167124545,21,21
percentile,ZEC-USD,2024-11-06,43.18949127,79.16666666666666,2024-11-07,43.18949127,967779.2936254294,967779.2936254294,False,38.870542143,83595.79070664449,41881491.14402889,,2024-11-13,38.870542143,STOP,75236.21163598006,-4338621.537674837,-10.35928143712572,-9.999999999999986,7,6
percentile,XRP-USD,2024-11-16,1.119089961,75.0,2024-11-17,1.119088054,39506929.80907286,39506929.80907286,False,1.0071792486000002,88423.46639909988,44300156.66594905,,2024-11-17,1.0071792486000002,STOP,79581.11975918991,-4589177.906113282,-10.359281437125741,-9.999999999999986,1,0
percentile,XRP-USD,2024-11-22,1.469019055,83.33333333333334,2024-11-23,1.469032049,30133971.700305242,30133971.700305242,False,1.3221288441,88535.54038281484,44356305.73179024,,2024-11-24,1.3221288441,STOP,79681.98634453338,-4594994.545868084,-10.359281437125734,-9.999999999999986,2,1
percentile,SOL-USD,2024-11-21,257.0658875,83.33333333333334,2024-11-22,257.0814209,172703.44522319044,172703.44522319044,False,231.37327881000002,88797.69418460624,44487644.78648773,,2024-11-26,231.37327881000002,STOP,79917.92476614562,-4608600.328181066,-10.359281437125752,-9.999999999999998,5,4
percentile,TRX-USD,2024-12-03,0.425992012,79.16666666666666,2024-12-04,0.4260739982,109161464.11527275,109161464.11527275,False,0.38346659838,93021.72292992019,46603883.18789001,,2024-12-04,0.38346659838,STOP,83719.55063692816,-4827827.420062855,-10.359281437125743,-9.999999999999998,1,0
percentile,ADA-USD,2024-12-01,1.15525198,79.16666666666666,2024-12-02,1.155285954,40096618.15029776,40096618.15029776,False,1.0397573586,92646.11950388094,46415705.871444345,,2024-12-09,1.0397573586,STOP,83381.50755349283,-4808333.602251425,-10.35928143712576,-10.000000000000009,8,7
percentile,ZEC-USD,2024-12-02,74.69274139,70.83333333333334,2024-12-03,74.69499207,625680.6690664485,625680.6690664485,False,67.225492863,93470.42522854131,46828683.0394992,,2024-12-09,67.225492863,STOP,84123.3827056872,-4851115.069361292,-10.359281437125743,-9.999999999999998,7,6
percentile,XLM-USD,2024-11-22,0.3410660028,91.66666666666666,2024-11-23,0.3410660028,129791237.6700219,129791237.6700219,False,0.30695940252,88534.75726115832,44355913.387840316,2024-12-26,2024-12-27,0.3542569876,EXIT_MA,91958.90574771521,1531580.5802695751,3.452934373998126,3.867575393533196,34,34
percentile,XLM-USD,2025-01-15,0.4893169999,91.66666666666666,2025-01-16,0.4893240035,97187472.08890195,97187472.08890195,False,0.44039160315,95112.32586517201,47651275.25845118,,2025-01-19,0.44039160315,STOP,85601.09327865482,-4936329.712402426,-10.359281437125745,-10.000000000000009,4,3
percentile,HBAR-USD,2025-01-16,0.3634339869,95.83333333333334,2025-01-17,0.3634299934,130917250.12527724,130917250.12527724,False,0.32708699405999997,95158.51069795131,47674413.859673604,,2025-01-19,0.32708699405999997,STOP,85642.65962815617,-4938726.705223672,-10.359281437125748,-10.000000000000009,3,2
percentile,SUI20947-USD,2024-11-06,2.305567026,100.0,2024-11-07,2.305545092,18129117.428365864,18129117.428365864,False,2.0749905828,83594.99541852117,41881092.7046791,2025-01-20,2025-01-21,4.406771183,EXIT_MA,159781.74451309151,37849997.807353556,90.37490514932249,91.13793082126367,75,75
percentile,XRP-USD,2024-11-29,1.796730995,87.5,2024-11-30,1.796715021,25149669.25842363,25149669.25842363,False,1.6170435189,90373.57705958333,45277162.10685125,2025-02-02,2025-02-03,2.579794884,EXIT_MA,129761.97617434672,19474064.00414776,43.010787553756565,43.58397708303012,65,65
percentile,WBT-USD,2024-08-23,10.95102501,79.16666666666666,2024-08-24,10.95039368,3610147.8722177246,3610147.8722177246,False,9.855354312,79065.08088759684,39611605.52468601,2025-02-14,2025-02-15,27.08460617,EXIT_MA,195558.8666689611,57972268.94312559,146.35172741735295,147.33910909036837,175,175
percentile,XRP-USD,2025-03-02,2.936942101,100.0,2025-03-03,2.937047005,15359473.195326842,15359473.195326842,False,2.6433423045000004,90222.98949342498,45201717.736205906,,2025-03-03,2.6433423045000004,STOP,81200.69054408248,-4682573.154708751,-10.359281437125738,-9.999999999999986,1,0
percentile,ADA-USD,2025-03-02,1.129503012,79.16666666666666,2025-03-03,1.129526019,39937816.01047772,39937816.01047772,False,1.0165734171,90221.60465173873,45201023.93052111,,2025-03-03,1.0165734171,STOP,81199.44418656487,-4682501.281425245,-10.359281437125759,-9.999999999999998,1,0
percentile,WBT-USD,2025-03-02,31.00735092,91.66666666666666,2025-03-03,31.00734138,1454812.5569617802,1454812.5569617802,False,27.906607242,90219.73919524923,45200089.336819865,,2025-03-10,27.906607242,STOP,81197.7652757243,-4682404.464233436,-10.35928143712575,-9.999999999999998,8,7
percentile,LEO-USD,2025-03-03,9.942689896,79.16666666666666,2025-03-04,9.942689896,4453968.425124781,4453968.425124781,False,8.948420906399999,88568.85371518238,44372995.71130637,2025-03-28,2025-03-29,9.696493149,EXIT_MA,86375.74864016952,-1271497.1398617849,-2.8654750924058154,-2.476158359309244,25,25
percentile,XMR-USD,2025-04-23,230.1824493,76.0,2025-04-24,230.1360168,190983.11103738524,190983.11103738524,False,207.12241512,87904.18490043191,44039996.63511638,2025-06-12,2025-06-13,318.5281067,EXIT_MA,121666.97754082839,16671825.157756984,37.85609998085988,38.408629439701,50,50
percentile,XMR-USD,2025-07-14,344.3134766,80.0,2025-07-15,344.3134766,136232.47346555555,136232.47346555555,False,309.88212894000003,93813.35312948537,47000489.91787217,2025-07-18,2025-07-19,321.1074219,EXIT_MA,87490.5166671694,-3342722.100954637,-7.112100547878651,-6.739804357689783,4,4
percentile,WBT-USD,2025-05-08,30.38157463,84.0,2025-05-09,30.38140678,1478787.3504175583,1478787.3504175583,False,27.343266102,89855.2800683085,45017495.31422255,2025-07-28,2025-07-29,43.87030029,EXIT_MA,129749.6902557435,19727600.123393446,43.82207403076205,44.39851520924207,81,81
percentile,WBT-USD,2025-08-13,46.81517792,88.0,2025-08-14,46.81507111,999702.5589127104,999702.5589127104,False,42.133563998999996,93602.292768695,46894748.67711619,2025-08-18,2025-08-19,44.01456451,EXIT_MA,88002.94554015114,-2981278.8525807783,-6.3573831541517345,-5.982062044549141,5,5
percentile,BCH-USD,2025-08-12,618.7223511,72.0,2025-08-13,618.7223511,75499.26552853055,75499.26552853055,False,556.85011599,93426.16614827121,46806509.24028387,,2025-08-19,556.85011599,STOP,84083.5495334441,-4848818.023095265,-10.359281437125727,-10.000000000000009,7,6
percentile,ETH-USD,2025-08-22,4831.348633,80.0,2025-08-23,4831.088379,9578.284532196354,9578.284532196354,False,4347.9795411,92547.07818849852,46366086.17243776,,2025-08-25,4347.9795411,STOP,83292.37036964865,-4803193.3579830825,-10.359281437125768,-10.000000000000009,3,2
percentile,TRX-USD,2025-07-18,0.3261730075,80.0,2025-07-19,0.3261719942,142483498.0479574,142483498.0479574,False,0.29355479478,92948.25339778814,46567074.952291854,2025-09-04,2025-09-05,0.3346959949,EXIT_MA,95377.31227198662,1026203.8714294657,2.2037112541013486,2.613345367344233,48,48
percentile,CRO-USD,2025-08-26,0.2003619969,96.0,2025-08-27,0.2003680021,228393865.15721804,228393865.15721804,False,0.18033120189000001,91525.64490689716,45854348.09835548,2025-09-23,2025-09-24,0.2058899999,EXIT_MA,94048.02574876048,1075616.7502759993,2.3457246583657687,2.755927963609728,28,28
percentile,BNB-USD,2025-09-21,1048.672363,72.0,2025-09-22,1048.671143,43725.863763723646,43725.863763723646,False,943.8040287,91708.10306353273,45945759.63482989,,2025-09-25,943.8040287,STOP,82537.29275717944,-4759650.54899735,-10.359281437125754,-9.999999999999998,4,3
percentile,ZEC-USD,2025-09-29,72.07198334,92.0,2025-09-30,72.08258057,628446.4073409884,628446.4073409884,False,64.87432251300001,90600.07758216767,45390638.868666,,2025-09-30,64.87432251300001,STOP,81540.06982395092,-4702144.026514493,-10.359281437125729,-9.999999999999986,1,0
percentile,BNB-USD,2025-10-03,1189.919067,84.0,2025-10-04,1189.928833,39784.655348585045,39784.655348585045,False,1070.9359497,94681.81702049803,47435590.32726951,,2025-10-10,1070.9359497,STOP,85213.63531844823,-4913986.303363845,-10.359281437125743,-9.999999999999998,7,6
percentile,ZEC-USD,2025-09-30,74.46339417,92.0,2025-10-01,74.46419525,603527.6621338839,603527.6621338839,False,67.017775725,89882.40334382713,45031084.07525739,2025-11-30,2025-12-01,427.6838989,EXIT_MA,516238.1272708427,212571741.43289313,472.05557183041924,474.34837973354706,61,61
percentile,GRAM-USD,2026-08-21,1.491085052,100.0,2026-08-22,1.491063952,42147296.215213455,42147296.215213455,False,1.3419575568,125688.62812154164,62970002.68889236,2026-08-22,2026-08-23,1.442782044,EXIT_MA,121618.72436491828,-2282259.23079814,-3.624359430431978,-3.238084317928702,1,1
