symbol,signal_date,entry_date,entry_price,exit_signal_date,close,rs_pct,vol_x,breakout_pct,from_high52,contraction,dry_up,regime_on,ext50_pct,ma50_over_ma200_pct,above_lo52_pct,atr20_pct,trading_value50,ret20_pct,b_dist200_pct,b_dist20_pct,entry_gap_pct,exit_date,exit_price,exit_type,bars_held,pnl_pct,net_pnl_pct,mfe_pct,mae_pct,n_same_day,breadth_tt_pct,b_ret20_pct,b_ret60_pct
BTC-USD,2016-11-01,2016-11-02,730.065979,2017-01-11,729.7930298,100.0,2.0393855948094832,1.3035850252090642,-4.765049352348949,1.9559209669205766,1.4368544240719126,True,15.541490087602927,7.398580685243705,134.59676320385566,1.5922679637245294,41705814525.36441,14.712698486886367,24.08992045666709,10.091889848867218,0.03740090530526263,2017-01-12,775.1779785,EXIT_MA,71,6.179167472204594,5.755298540179821,63.14963445242257,-7.1103125735434425,1,50.0,14.712698486886367,26.802107580202094
BTC-USD,2017-03-01,2017-03-02,1224.680054,,1222.5,100.0,1.6166198816403474,1.841900109440675,0.0,1.3534195434319125,1.218925634782985,True,23.30716962584598,27.67744564252328,205.19009853986142,2.5725574568507144,144047059608.72247,22.940557653276915,57.435444472373476,12.592300584785932,0.17832752556237175,2017-03-10,1102.2120486,STOP,8,-10.000000000000009,-10.359281437125755,4.542411286793113,-12.038250604185963,1,50.0,22.940557653276915,26.849172870915062
LTC-USD,2017-03-30,2017-03-31,7.018730164,,6.980629921,100.0,31.52888104467285,59.24023412819315,0.0,2.087130335096887,2.5414465517165628,True,76.07548576465194,0.6629156960616056,117.04588258622452,4.211389169415905,50080047.915958874,86.04247038389721,20.0698912250308,-5.46864538288232,0.5457994970537339,2017-03-31,6.3168571476,STOP,0,-9.999999999999998,-10.359281437125745,0.7951577093853412,-16.582919727700187,1,50.0,-8.085278256387529,11.629641193783158
LTC-USD,2017-04-02,2017-04-03,7.744619846,2017-07-26,7.74450016,100.0,7.200644891266833,9.470015137823506,0.0,2.5941263842414544,3.418656489075643,True,86.02768041434045,4.4022581148690065,140.79658876624137,5.482297117029178,82463202.38153847,85.69538782511037,27.86314890162387,3.2888425581012903,0.0015454322103147788,2017-07-27,42.35319901,EXIT_MA,115,446.8725367052703,444.6894128062472,623.5306523010452,-6.488376020929354,1,50.0,-10.53233938614282,11.440283241304883
LTC-USD,2017-08-23,2017-08-24,52.82440186,,53.24810028,100.0,1.7110525150470384,6.016162619752352,-3.7703488123362217,1.1017172281486027,0.7855979354226488,True,17.62478451756666,83.38176716389502,1409.0518291926473,5.182570400612985,11499606331.28846,24.232937580087423,108.89695485171261,8.671280529371451,-0.7957061712474678,2017-09-14,47.541961674,STOP,21,-10.000000000000009,-10.359281437125755,74.2853635219562,-21.913927337368634,1,50.0,48.01852761598104,59.14011722801351
LTC-USD,2017-11-16,2017-11-17,70.4484024,2018-01-16,71.06020355,100.0,2.3792241913209775,6.3165891040571465,-17.40998542914898,1.3680331535944805,1.6377792129873365,True,24.110221008347253,22.594556999745507,1913.847059069754,5.384680732454784,10655512903.60779,28.424217829282682,113.82251450671994,15.399108416699647,-0.860961718987352,2018-01-17,190.1450043,EXIT_MA,61,169.90676555072594,168.82929343275902,432.71046314032515,-6.720235716800316,1,50.0,36.16720708616068,119.70287026225712
LINK-USD,2019-04-02,2019-04-03,0.5836020112,,0.5842790008,92.3076923076923,2.7809185067676956,4.520307453918804,0.0,1.1938323889381826,1.231627877275986,True,25.395995199329068,16.7479924312792,251.3868248572908,4.414038405400108,2913552.4703406263,20.591730897891082,4.463968354065795,19.437224244300566,-0.11586752203536221,2019-04-04,0.52524181008,STOP,1,-9.999999999999998,-10.359281437125745,3.726513254346364,-10.053081239278638,1,7.6923076923076925,24.90993266230166,39.90695075439301
BNB-USD,2019-04-18,2019-04-19,22.0264492,,22.03847885,100.0,2.190849694546599,9.798686902400311,0.0,1.3018365686338451,1.1182140593536494,True,34.289544249632996,67.1162704111621,386.6456844584186,5.176016551614223,2992645511.9740076,33.48449511186713,16.23498849831453,6.46602888163641,-0.054584756424791436,2019-05-08,19.823804279999997,STOP,19,-10.000000000000009,-10.359281437125755,15.921585400156113,-10.118067691092037,1,7.6923076923076925,29.28017501783644,44.219433843008524
LINK-USD,2019-05-06,2019-05-07,0.5787879825,2019-07-25,0.5781199932,92.3076923076923,1.916788270820324,7.4101267046002395,-1.0541209921231198,0.9751709677228741,0.8651144834915698,True,15.134240618310702,17.026989021783855,247.68278257291522,5.712749882112191,3267293.4769744687,14.922049521079783,28.778341023679754,5.800799419097058,0.11554509580313788,2019-07-26,2.383176088,EXIT_MA,80,311.7528628887867,310.1091388852387,684.7113176714931,-9.228932824292013,1,15.384615384615385,9.76490768874967,46.9213878426908
BNB-USD,2019-05-15,2019-05-16,26.78861809,,26.89493942,100.0,1.6155898913627573,9.661017911277137,0.0,1.3965384452304606,1.171984922758232,True,29.40210843437272,80.22105175074465,493.88428264928103,6.012571791842318,4774822315.0963,20.913591853250303,82.99966535218559,33.37638730884996,-0.39532094993653955,2019-05-17,24.109756281,STOP,1,-9.999999999999998,-10.359281437125755,3.2097086050174806,-12.315621466235916,1,15.384615384615385,57.47324371568312,102.66049896986975
BNB-USD,2019-05-18,2019-05-19,28.37143326,2019-07-02,28.39679337,100.0,2.024694068852626,2.706620347979105,0.0,1.4811440265316882,1.3750248047156945,True,32.7562701619754,81.39177371664938,527.0476760227002,6.61216462730489,5252534473.885674,24.007040232698973,61.566596945193574,12.119141734020689,-0.08930624549599031,2019-07-03,32.03412628,EXIT_MA,45,12.909791995471442,12.459054302874751,39.4590664045994,-4.283720878188724,1,15.384615384615385,37.578364313116786,78.60153114448482
LTC-USD,2019-05-26,2019-05-27,111.4352951,,111.418602,84.61538461538461,1.5439407980556703,4.908356274148251,-11.2202374501992,1.3275569305465382,1.2193057538296828,True,34.362621440158804,58.674712755092614,374.84244731707923,7.129208448962587,286689983117.45624,48.59229723044714,89.9375273877874,16.05187356550697,0.014982327636814396,2019-06-04,100.29176559000001,STOP,8,-9.999999999999998,-10.359281437125745,8.306539047339957,-10.895097077730098,1,23.076923076923077,50.92234044592381,112.21128986460482
LTC-USD,2019-06-10,2019-06-11,129.2641296,,129.0714417,84.61538461538461,1.418576436072007,6.943086814162114,0.0,1.028071004019352,1.0988329156797911,True,40.00460826653773,60.385097918583085,450.0751055516898,6.384796480118653,371149194522.96643,41.04973583185454,68.0592878109205,-2.3818674189262867,0.14928778780347596,2019-06-27,116.33771664,STOP,16,-9.999999999999998,-10.359281437125745,13.283304156484267,-14.387789835858678,1,23.076923076923077,0.46465440939635894,57.96917510706299
BTC-USD,2019-06-26,2019-06-27,13017.125,,13016.23145,84.61538461538461,2.0002483833611167,10.392020069679075,0.0,1.5111156852482936,0.977320293064504,True,53.91751118420276,61.86946140555767,302.13746268666864,4.0406085468770625,197279501597126.9,66.40491495801626,149.145446362708,39.032338024247906,0.006864890221369713,2019-06-27,11715.4125,STOP,0,-9.999999999999998,-10.359281437125745,2.2587132719398495,-19.399617503865095,1,30.76923076923077,66.40491495801626,147.06743440081823
LINK-USD,2020-02-11,2020-02-12,3.975200891,,3.975558996,100.0,2.9864202441949725,14.076465641002113,0.0,1.3808546310217669,1.6700070946634256,True,61.77577857237,7.10497472684406,874.85333462792,4.818190166281713,364634398.17016274,50.2716247164493,14.902509027207067,9.378614951925934,-0.009007664088511724,2020-02-25,3.5776808019,STOP,13,-9.999999999999998,-10.359281437125734,21.52791776982925,-11.624492489076566,1,6.666666666666667,17.59454180714879,40.42199811703797
LINK-USD,2020-05-09,2020-05-10,4.0373559,,4.040320873,100.0,1.5020227038563523,1.9293352214982962,-14.42271518247219,0.9382753652343793,0.9899203894431228,True,29.48952909686686,9.570417090099381,524.7625963880944,5.138507833310892,1298107515.415339,11.07203704046662,19.254107700985614,14.55701843251811,-0.0733845922935017,2020-05-10,3.63362031,STOP,0,-9.999999999999998,-10.359281437125745,0.0,-10.813830333857855,1,6.25,33.44456259321014,21.292346264222918
CRO-USD,2020-05-25,2020-05-26,0.07936999947,2020-09-03,0.07930099964,93.33333333333333,3.044755624634756,2.1748882439687423,-23.283574881062798,1.159376676463103,1.8174511776520466,True,33.198041384508656,26.950297539196132,206.54836868128422,4.651707364656369,613683.3571504513,26.229251559732592,10.513614544463646,-4.405738699899498,0.0870100380994332,2020-09-04,0.1540420055,EXIT_MA,101,94.08089521056917,93.30612117779245,154.18797826281505,-2.4089678880780174,1,12.5,-1.0678106320225367,32.613914510665886
ADA-USD,2020-05-30,2020-05-31,0.07690499723,2020-08-19,0.07695800066,86.66666666666667,3.8940191020034765,14.556630074563493,-21.24561076870608,1.5221277266191677,1.592792581485037,True,61.34774360392792,10.44851143208978,221.180252119476,5.214012981220296,8392388.976559628,61.41536187355576,20.17732246793851,4.520854316270206,-0.06887318998082259,2020-08-20,0.1293089986,EXIT_MA,81,68.14121742085916,67.46999499602538,99.86347628401053,-9.277675855915234,1,18.75,10.78045877621079,50.659257787809686
LINK-USD,2020-06-23,2020-06-24,4.808690071,2020-09-03,4.806252003,93.33333333333333,1.4854298313517118,5.98069174540774,0.0,1.0742967537802095,0.9203807406236,True,18.689631345219283,27.179834868677453,207.08815847910404,4.089531603363992,1438462638.0936944,7.02610106706163,16.14871135290137,0.8004128922750819,0.05072701136932256,2020-09-04,12.01146793,EXIT_MA,72,149.78669352051074,148.78954105136697,312.8322184813146,-9.053191650371184,1,18.75,-0.28021498231683983,27.529924671389683
XLM-USD,2020-07-09,2020-07-10,0.09052400291,2020-08-25,0.0905880034,73.33333333333333,2.0008430415610765,6.570355977261522,-7.528347041086381,1.2171107475258458,0.786724816647876,True,26.147950025114586,18.892901018426798,170.8890411164619,4.5451930564351075,31390617.507776264,30.77334772359417,9.823272183607589,0.21945317787079865,-0.07065007241345844,2020-08-26,0.09807900339,EXIT_MA,47,8.3458532954086,7.913334918979831,31.44248782093544,-8.303877732266752,1,25.0,-0.10821233765289096,5.956046807338722
ETH-USD,2020-08-13,2020-08-14,428.6772766,,428.7417908,80.0,2.040320166299774,4.258823800507772,0.0,1.366866978152574,1.3531583448144575,True,47.88020046985926,29.985859651262857,287.6302214190469,5.657193591915184,2880875693706.4243,53.5523307674469,32.773484936599374,4.514551037343506,-0.01504733184035656,2020-08-22,385.80954894,STOP,8,-9.999999999999998,-10.359281437125755,3.7091964206996675,-10.698640423339867,1,25.0,23.56370383351085,25.539615809326133
ETH-USD,2020-09-01,2020-09-02,477.0078735,,477.0519104,86.66666666666667,1.7331289649509527,7.304493073979645,0.0,1.0163935740764707,1.009149695599579,True,33.17809716001221,47.84628580922141,331.3079378422266,4.839840451669219,4126854787516.9375,22.000619685990408,31.972064478685592,2.0946674406617127,-0.00923104992138768,2020-09-02,429.30708615000003,STOP,0,-9.999999999999998,-10.359281437125755,0.6966594022058681,-11.016139233601152,2,25.0,3.327976931336263,31.7275057673045
TRX-USD,2020-09-01,2020-09-02,0.03461699933,,0.03455299884,73.33333333333333,3.3872300642564754,6.664812866545899,0.0,1.3468453377577214,1.2403301611157465,True,58.13686021770066,29.245862927135246,293.0049962281102,8.210719930959254,16110300.743620202,69.45220004588073,31.972064478685592,2.0946674406617127,0.18522412568691138,2020-09-05,0.031155299397000003,STOP,3,-9.999999999999998,-10.359281437125734,41.19074343813149,-18.800012496634857,2,25.0,3.327976931336263,31.7275057673045
BTC-USD,2020-11-18,2020-11-19,17803.86133,2021-04-18,17804.00586,87.5,1.459278887913599,0.11857411547069319,0.0,1.2442636872390112,0.968172190150078,True,35.03853936192238,20.91689760578226,258.17269921733697,4.177780061683263,441963356396342.94,32.4911528976193,63.284412368599675,15.886548147627067,-0.0008117836016063862,2021-04-19,56191.58594,EXIT_MA,151,215.61460122875488,214.3546627008956,264.32039352443104,-8.160174599607494,1,17.647058823529413,32.4911528976193,60.47818202847075
ETH-USD,2020-11-21,2020-11-22,549.4866333,,549.4866333,93.75,1.5303540062114833,6.9851165554273065,0.0,1.203487860213698,1.0403133513968266,True,34.40432758838541,25.443372318118996,396.7969764166167,4.564467188104756,5642800409184.945,38.63385553076637,68.78413262651478,16.04897899590403,0.0,2020-11-26,494.53796997,STOP,4,-9.999999999999998,-10.359281437125734,13.046134929520958,-11.645291244976308,3,23.52941176470588,35.70709750001277,76.89712245203614
LINK-USD,2020-11-21,2020-11-22,15.35593414,,15.35593414,100.0,1.5812720898905341,6.673093690237275,-19.597181597278123,1.0456812264544222,1.0777104808062916,True,33.65526898163169,26.590210953572992,781.9451263955292,6.285786232865415,16319272855.330437,33.10589458046989,68.78413262651478,16.04897899590403,0.0,2020-11-26,13.820340726000001,STOP,4,-9.999999999999998,-10.359281437125745,5.8076133426292476,-26.035842779409045,3,23.52941176470588,35.70709750001277,76.89712245203614
XRP-USD,2020-11-21,2020-11-22,0.4583440125,,0.4583440125,75.0,6.003195891131904,39.148073375842365,0.0,2.0607800451606058,1.908209751706654,True,76.90159960326928,9.959710414263334,228.24436805390062,4.489946271524602,844847615.6506567,91.13834616546308,68.78413262651478,16.04897899590403,0.0,2020-12-22,0.41250961125,STOP,30,-9.999999999999998,-10.359281437125745,67.56388207427494,-10.427320876150858,3,23.52941176470588,35.70709750001277,76.89712245203614
ETH-USD,2020-12-17,2020-12-18,642.9169922,,642.8689575,87.5,1.6838297796809287,0.9783605446096466,0.0,0.9517199004442135,0.8436412116946508,True,24.833800995018287,37.511233077389214,481.2249743002119,5.397924003042255,8020616459716.892,24.22739462403678,85.51113566084518,18.998319773618945,0.007471927122870703,2020-12-23,578.62529298,STOP,5,-9.999999999999986,-10.359281437125745,4.021141206975254,-12.840341039597114,1,23.52941176470588,33.298023139663904,98.59312380067652
LTC-USD,2020-12-25,2020-12-26,127.0791931,2021-01-27,126.9835968,81.25,2.0166672272659123,2.6085034371594373,0.0,1.6595218628557167,1.6968538134473303,True,54.07417205128044,41.77473518501156,310.5398320403161,8.343689022439156,529824463488.2522,52.773747719344335,91.99325717711591,17.123853504297347,0.07528240056906554,2021-01-28,122.9412537,EXIT_MA,33,-3.256189545320609,-3.642392381467041,46.192578948630405,-9.53951138992557,1,23.52941176470588,28.769417589658985,88.63727040344753
ETH-USD,2020-12-27,2020-12-28,683.2058105,2021-02-25,682.642334,100.0,1.6866427693180295,1.3071620774752546,0.0,1.1210641938339543,0.9931589736447654,True,21.6554632861939,42.42263551387857,517.1845263432037,5.602312397021658,8850622209113.18,15.341719225957174,101.90953134900455,20.69585531439657,0.08254344507148126,2021-02-26,1478.65332,EXIT_MA,60,116.42868038810393,115.56469364004762,198.0487676926747,0.0,1,23.52941176470588,36.89454070710485,97.9634572180348
ADA-USD,2020-12-28,2020-12-29,0.1767089963,2021-04-19,0.1767349988,87.5,1.5404641095405427,1.3725850983437926,0.0,1.0489639395186157,1.0615492522177044,True,23.419536824357312,22.337078190684533,637.5944149550011,7.795825390301812,171099466.44323775,25.40800873437783,106.74275420937293,21.97321552376168,-0.0147127055628693,2021-04-20,1.194609046,EXIT_MA,112,576.0318212502914,573.3330914249409,781.5402648518127,-4.230685565837266,1,23.52941176470588,47.83360584078093,101.5556242970391
DOGE-USD,2021-01-02,2021-01-03,0.01060200017,,0.01061499957,100.0,31.111723351857112,86.71942248994269,0.0,2.1791073215390555,2.591251749494663,True,179.39209088852274,20.92678329809543,590.631095832192,7.98634068291347,1172816.3519801607,226.01348899277508,136.2715379129312,29.026871285407772,-0.12246255795185235,2021-01-03,0.009541800153000001,STOP,0,-9.999999999999998,-10.359281437125745,30.79607524662018,-11.252593707513602,1,23.52941176470588,67.83316841420957,130.29802788237802
LINK-USD,2021-01-06,2021-01-07,17.15868568,,17.15525627,81.25,2.3134630995871976,10.141637654628477,-10.176030845560414,1.3305668793112702,1.274493806753679,True,31.16166066903625,17.452937634772535,863.8450736111478,9.213366921041047,21595934567.543365,27.38610970694557,161.39010021727947,33.716002337732284,0.01999043293803293,2021-01-07,15.442817112000002,STOP,0,-9.999999999999998,-10.359281437125745,1.1097261966978245,-11.268947494351455,2,29.411764705882355,61.47380624780831,148.24709580206323
XLM-USD,2021-01-06,2021-01-07,0.3431580067,,0.3407930136,93.75,11.218367949513862,62.30866295969928,0.0,1.5930115543109253,1.6485598410059714,True,109.82390802111408,55.35515629875538,919.0873979820308,8.238020716279143,229354465.30566108,83.2860964956919,161.39010021727947,33.716002337732284,0.693967600748957,2021-01-07,0.30884220603,STOP,0,-9.999999999999998,-10.359281437125755,17.245992675245358,-13.330302952829221,2,29.411764705882355,61.47380624780831,148.24709580206323
LINK-USD,2021-01-15,2021-01-16,20.7149086,,20.70972633,81.25,3.9490380767097335,12.275389437674434,0.0,1.65617738681475,1.7979365091151343,True,53.80050884747174,15.38333820883102,1063.548208481853,10.418605468843973,25778231355.06273,88.87335887345291,139.4776555114042,8.75248168145195,0.02502336301999364,2021-01-21,18.64341774,STOP,5,-10.000000000000009,-10.359281437125755,13.981217228252696,-12.31181251748319,1,29.411764705882355,39.2946079274161,120.29864759222085
LINK-USD,2021-01-23,2021-01-24,24.77108955,,24.76153183,87.5,2.360954352201415,4.87239738022307,0.0,1.5593627831957604,1.9243678855926074,True,67.56954661143735,19.778348025958525,1291.1934682751973,11.915166708004106,37175070400.11254,81.40087474925579,95.64301734735912,-10.985422638264197,0.03859906594478879,2021-01-26,22.293980595,STOP,2,-9.999999999999998,-10.359281437125745,3.567886379063201,-12.11049967723361,1,23.52941176470588,-2.1791847635869943,67.82782461474883
DOGE-USD,2021-01-28,2021-01-29,0.04373399913,,0.03408399969,100.0,29.206690671478714,213.64682847605837,0.0,1.796865074791343,2.1383322896933707,True,365.30422577250033,78.9024936346365,2117.566746095383,6.62642350381972,10760817.147883255,246.1710307387598,97.27707906406333,-4.2005696250255635,28.312403261848516,2021-01-29,0.039360599217,STOP,0,-10.000000000000009,-10.359281437125766,78.28920807864846,-26.05066919705681,1,29.411764705882355,-17.97044442411395,84.10742080912736
DOGE-USD,2021-01-29,2021-01-30,0.04680300131,,0.04716200009,100.0,42.754444575462635,37.993381290060334,0.0,2.6392874881196766,3.436887574568719,True,474.7090050411188,90.20648342902786,2968.445136432035,9.520695052969284,34720140.408319145,362.6447001932762,100.80544120367692,-0.9244819665029325,-0.76120346744184,2021-01-30,0.042122701179,STOP,0,-9.999999999999998,-10.359281437125745,6.619233304036154,-51.95179958428183,1,29.411764705882355,-14.75152652370385,74.85312128824411
LINK-USD,2021-02-05,2021-02-06,26.34899902,,26.36332512,81.25,1.4292018930402108,1.5066516614043124,0.0,0.936584746129393,1.1217757053418347,True,49.78392422282183,31.434346709991125,1381.1880767620278,10.194646207435614,53478036251.95065,30.392755357658373,111.75875681463955,11.475621128200043,-0.054341020849191235,2021-02-07,23.714099118,STOP,1,-9.999999999999998,-10.359281437125745,1.4173767653052893,-12.38455577581179,1,29.411764705882355,5.434684968063475,98.75490972214331
XLM-USD,2021-02-06,2021-02-07,0.3760460019,,0.3763000071,81.25,1.428676807778952,2.6053557997143484,0.0,1.1792240705552732,1.473857889360576,True,52.80269155660431,77.95592249528029,1025.2654244440143,9.775963241006275,515519947.1127756,23.959862498281126,116.19215237785632,14.174057686715136,-0.06750071623903287,2021-02-23,0.33844140171,STOP,16,-9.999999999999998,-10.359281437125745,59.774338422503526,-14.35915013779594,1,29.411764705882355,9.708327386563177,114.32073556160086
DOGE-USD,2021-02-07,2021-02-08,0.07835199684,,0.07878199965,100.0,6.510154822451468,1.037537266276134,0.0,2.9489338971710626,3.825197077862616,True,401.83836897015146,153.35857457874863,5025.699571755223,14.184331792598767,103629269.84541048,759.0339308427089,112.47747992026179,12.747163969111908,-0.5458135258185393,2021-02-08,0.070516797156,STOP,0,-9.999999999999998,-10.359281437125734,8.414595844268469,-17.421381267249892,1,29.411764705882355,6.206286059772004,109.67779183685234
BNB-USD,2021-02-09,2021-02-10,107.7085571,2021-05-17,107.8992767,75.0,6.1321571715927075,35.15870129247985,0.0,2.1199248914266153,2.007302136149703,True,139.82911795370524,43.7800327931074,1049.5706300836005,6.218406921443244,43800448456.89512,153.24367314684523,148.8649546834009,30.71901341171255,-0.17675706995726737,2021-05-18,511.3919983,EXIT_MA,97,374.79235825729955,372.8969795816217,541.4828723018888,0.0,1,29.411764705882355,30.756814341273355,157.38607779210616
HBAR-USD,2021-03-09,2021-03-10,0.2103569955,,0.2104299963,75.0,2.825030569192279,14.00661662384528,0.0,1.2295338304887293,1.314345687662513,True,78.22354171976748,108.79760914240744,688.9842812090784,10.371809402298602,18696451.050431866,51.606630819249474,127.84883693448572,8.355448905219621,-0.03469125185742161,2021-03-10,0.18932129595,STOP,0,-10.000000000000009,-10.359281437125755,13.357768460806895,-10.869141264189619,1,23.52941176470588,5.129741662097387,34.38071010326438
HBAR-USD,2021-03-10,2021-03-11,0.220103994,2021-04-19,0.220273003,81.25,2.267669184581116,3.6164361175240023,0.0,1.3304961539412608,1.4414963773992204,True,81.9460049427014,110.91345436167073,725.8895594616333,10.767364671784133,20070418.45692315,47.64793913011649,130.64683100757222,10.22487565275545,-0.0767270603742598,2021-04-20,0.2886550128,EXIT_MA,40,31.14483183799017,30.621299575163864,104.19892344161643,-4.937211452873502,1,23.52941176470588,8.376104708869736,39.13596132869945
XLM-USD,2021-04-05,2021-04-06,0.5390740037,,0.5363669991,75.0,3.164894969243726,13.558161049908612,-4.211288701583149,1.1754975755668065,1.1001770437886584,True,26.911791714484036,80.27346131043896,1055.739193802158,5.900894237174929,629067618.6904151,35.532800274813134,94.84849355110686,3.5005679524169775,0.5046926087067805,2021-04-07,0.48516660333000006,STOP,1,-9.999999999999998,-10.359281437125745,7.785011781676454,-15.045989334172749,1,27.77777777777778,3.966165730758653,59.93547282904321
DOGE-USD,2021-04-11,2021-04-12,0.07454399765,2021-05-23,0.07464899868,94.11764705882352,4.076941455649307,6.472593018912343,-5.2978096182470065,1.347272491126565,1.2562972024203627,True,33.62955741022342,140.20670758833575,3747.886555681714,6.557154057059618,98096659.17795323,35.819286628478594,89.66636488186539,5.017094934896571,-0.1406596630319279,2021-05-24,0.3067150116,EXIT_MA,42,311.45500814175875,309.81247317911703,889.4384937108347,-7.586121362247611,1,31.57894736842105,10.408782970870512,34.032500934439504
XRP-USD,2021-04-13,2021-04-14,1.794247985,,1.794000983,70.58823529411765,4.023485337448222,20.23555162438391,0.0,2.6508401728537216,2.5576105106388463,True,185.83440379060318,45.852243493990926,920.0721952232113,7.600124451269602,6967131178.53044,266.99369512153,96.89600368027003,9.2571821650419,0.013768219880616606,2021-04-14,1.6148231865,STOP,0,-9.999999999999998,-10.359281437125745,9.516469820641893,-11.992265383538935,1,31.57894736842105,20.33034715680426,33.67783488343983
TRX-USD,2021-04-15,2021-04-16,0.1643269956,,0.1646499932,70.58823529411765,2.366769413751593,5.4819829993992375,0.0,1.8804280005025407,1.7923629478755978,True,117.59918527862409,78.62746840404107,1215.4110265923298,9.923171672199013,378793076.259233,153.69797326714684,93.16731939899839,7.126637250470802,-0.19617225225613266,2021-04-16,0.14789429604,STOP,0,-9.999999999999986,-10.359281437125734,8.152044495846678,-17.125603859089843,1,31.57894736842105,14.829702154960867,29.962099578288814
SOL-USD,2021-04-18,2021-04-19,32.33952332,,32.30291748,94.11764705882352,5.486813707898905,8.172895164784745,0.0,1.5323594513289311,1.536668417327682,True,72.55552178998843,154.6950694737706,6169.088240073138,9.3735681409418,4962024181.077102,71.32455600858461,67.77223291486554,-5.585571987703119,0.11332053837758149,2021-04-20,29.105570988,STOP,1,-9.999999999999998,-10.359281437125745,11.567066289089656,-10.534947829280483,1,31.57894736842105,-2.6562949577994543,7.799143168396161
SOL-USD,2021-04-22,2021-04-23,38.89918137,,38.87976074,94.11764705882352,6.118880569150076,7.759100184379997,0.0,1.80206199420541,2.285603216944173,True,91.57601107926969,154.58977827499547,7445.468640190183,10.06411046396784,7722950486.741905,96.26109946448393,50.53868604126255,-11.697697064675783,0.04995048742679753,2021-04-23,35.009263233,STOP,0,-10.000000000000009,-10.359281437125755,6.591602161523857,-18.59913426244939,1,15.789473684210526,-12.835105331900575,-10.041149394342385
SOL-USD,2021-04-25,2021-04-26,47.54185486,,47.36762619,94.11764705882352,4.556138815031123,8.810493004288421,0.0,2.0540248429807826,2.726014849540799,True,115.09756195006932,157.22055029324852,9092.72472809194,10.076789831844435,11228653750.210888,106.0870259150933,40.11179804875849,-14.560966409178777,0.36782225332789853,2021-04-27,42.787669374000004,STOP,1,-9.999999999999998,-10.359281437125745,1.6173717501437812,-10.484503822323099,1,15.789473684210526,-17.02334249985681,-1.410468638609752
SOL-USD,2021-05-01,2021-05-02,49.5008049,,49.50802231,94.11764705882352,1.890202187616514,2.216937052510848,0.0,1.7293768382633674,2.4318807364734156,True,93.24918834130924,160.81707124190365,9508.115447933204,11.005349651988555,15826393019.155169,77.24551199899825,59.29730770238171,2.412092544670741,-0.01457826360909964,2021-05-04,44.55072441,STOP,2,-9.999999999999998,-10.359281437125745,0.7997170971254297,-14.520374354559218,1,25.0,-3.948036621758455,19.531335474219212
ETH-USD,2021-05-03,2021-05-04,3431.131592,,3431.086182,76.47058823529412,1.6664123595801446,14.948425571865753,0.0,1.222348584398985,1.108461350020618,True,58.646508291140464,68.24310834988677,1745.5347940359438,6.424430839318395,66949403183868.62,49.230361502831684,55.61954703512697,2.1657094558547474,0.0013234875952283787,2021-05-19,3088.0184328,STOP,15,-10.000000000000009,-10.359281437125755,27.14028794964385,-43.09573525094924,1,25.0,-9.92570224487509,17.790191960244982
ADA-USD,2021-05-06,2021-05-07,1.648682952,,1.650123954,82.35294117647058,2.462385069847957,8.63340215916435,0.0,1.1044539868554133,0.8712605366496904,True,31.53991518257142,98.79126153090141,3361.0482716136185,8.370959273705566,5548356486.833213,16.456126113566327,50.706393434956,2.640567264812499,-0.08732689423160966,2021-05-19,1.4838146568,STOP,12,-9.999999999999998,-10.359281437125755,49.31712625606139,-37.64531920749794,1,30.0,-8.406754865296017,10.135050844129513
SOL-USD,2021-05-18,2021-05-19,56.08925629,,55.91096115,94.11764705882352,3.022379245552655,6.494329620138672,0.0,1.3291156711111007,1.504352709423217,True,55.98249880845252,165.88604749673888,10083.16260827996,10.398806745428306,28346600184.18663,24.72890715589284,8.027631462027252,-19.455722589587488,0.3188912090451579,2021-05-19,50.480330661,STOP,0,-9.999999999999998,-10.359281437125745,2.5611247055456365,-47.53030953407923,1,20.0,-21.73345244372752,-26.45781614006477
SOL-USD,2021-08-15,2021-08-16,53.54114914,2021-11-26,53.74515915,94.11764705882352,3.4300809929974267,19.698289005318493,-3.873662615438689,1.2990694213535503,1.295702937044263,True,60.64656113089586,20.93898900758027,4357.61909239357,6.831646008810824,15347968501.962395,89.86765771687581,3.527264648411088,9.884403464529235,-0.3795876935271836,2021-11-27,192.2835693,EXIT_MA,103,259.1323167106757,257.6986547677189,385.72379838166466,-2.0083586685603283,1,5.0,26.004578792876053,22.68737379818859
ADA-USD,2021-08-19,2021-08-20,2.437794924,,2.428139925,88.23529411764706,3.4849981065657913,7.900065414066737,0.0,2.0345230952289244,2.340988874421463,True,67.26488071061117,8.947920839709035,3063.1645874070573,6.48232480877312,4160968888.1113753,85.50259850862946,2.2729002443034885,6.555101496907767,0.39762943233181414,2021-09-07,2.1940154316,STOP,18,-9.999999999999998,-10.359281437125745,27.130707898709193,-16.27872792305477,1,10.0,10.611988173692598,30.867806598845227
ETH-USD,2021-09-01,2021-09-02,3825.027832,,3834.828125,76.47058823529412,1.4485013829488476,10.609655778087944,-8.009042462494842,1.0575345733582746,0.9468106260387865,True,39.140918173486796,14.383389716520423,1094.2178254870755,5.014436459261131,59245024151717.93,26.004143312979444,5.883361299614442,2.325611226330504,-0.25556016281693683,2021-09-07,3442.5250488,STOP,5,-9.999999999999998,-10.359281437125745,5.161829264305329,-19.94248025121298,1,15.0,9.9457763814234,40.897244724668425
AVAX-USD,2021-11-08,2021-11-09,91.07372284,,91.18478394,90.0,2.014165917892905,2.6406511650632014,0.0,1.29557310975837,0.855517056884941,True,39.69968213314574,85.87125113606058,3037.6369631157436,6.888090737411688,65438621029.215355,60.488629529747186,48.4843546711367,8.85903821009677,-0.12179784301850072,2021-11-10,81.96635055600001,STOP,1,-9.999999999999986,-10.359281437125745,3.239532839986392,-13.64266288073922,1,19.047619047619047,5.142753620567464,45.64508993661396
AVAX-USD,2021-11-17,2021-11-18,107.5849991,,107.8020782,90.0,2.8705252954871914,5.831012734505303,0.0,1.6796984412982725,1.5197071223678582,True,53.99614237006753,83.74193872430406,3609.4323268186918,7.948179364505056,64332588504.265,67.31638993581453,31.337549549816536,-4.385097019139861,-0.20136819588696397,2021-11-18,96.82649919,STOP,0,-9.999999999999998,-10.359281437125745,2.531730745722527,-14.147210129037413,2,19.047619047619047,-0.4191950560465174,25.041545774623053
CRO-USD,2021-11-17,2021-11-18,0.5347470045,2021-12-17,0.5338889956,80.0,8.807921687234245,2.675107167275015,0.0,2.0811542722489476,2.4942602799709834,True,116.01165115778396,49.096333910592314,863.0379681129018,10.509628818429237,85413124.57370077,164.65785236759686,31.337549549816536,-4.385097019139861,0.1607092311456393,2021-12-18,0.5222380161,EXIT_MA,30,-2.3392348708332067,-2.72909820468219,81.35791455377847,-9.840539536860549,2,19.047619047619047,-0.4191950560465174,25.041545774623053
AVAX-USD,2021-11-19,2021-11-20,112.0843124,,112.0235596,90.0,1.7898678596675623,1.5545437870277068,0.0,1.7503631583802384,1.5702777602542048,True,56.4511229070465,84.43048805155584,3754.6920456821063,8.88571506702953,68392644948.03169,79.48102010503042,26.428902812358057,-7.281429860225197,0.05423216349929039,2021-12-03,100.87588116,STOP,13,-9.999999999999998,-10.359281437125745,30.45346121068766,-10.065818631011203,1,14.285714285714285,-6.090362002910144,35.65458027041084
NEAR-USD,2021-12-11,2021-12-12,11.63486004,,11.63622475,75.0,2.1812476314356135,12.553294977402164,-5.6963096584471735,1.284371180323347,1.3634875620726417,True,17.321227044015664,65.94138123495297,1167.3430907514442,9.304304291217818,3199688085.7101216,20.180702511041805,5.755264640437874,-7.716350322497867,-0.011728116543996414,2021-12-13,10.471374036,STOP,1,-9.999999999999998,-10.359281437125745,1.6779870091157667,-22.68228739260365,1,4.761904761904762,-15.950779388669755,-11.917245940803344
NEAR-USD,2021-12-23,2021-12-24,13.73681068,,13.72949409,80.0,6.5122927908425625,7.0584543038049175,0.0,1.3251236251612184,1.9040577826366885,True,42.28971641731229,51.613508771666396,1246.229461457515,11.272817658134118,3862575535.0961866,50.718840737612055,7.282978435695897,4.7499714010335925,0.05329103863578322,2022-01-21,12.363129612,STOP,28,-9.999999999999998,-10.359281437125745,48.639629500957795,-11.785874667088303,1,9.523809523809524,-5.24962519347244,-16.652154403381715
BNB-USD,2023-04-16,2023-04-17,348.1757507,2023-05-02,348.2209167,80.95238095238095,1.6137198539923732,3.6462713157094706,-17.558809373396368,0.7663564392927017,1.1474539067227314,True,11.559610060768865,6.131005776455711,76.72331315350618,2.0815870205880715,187081737672.74036,11.986458954112788,43.50124824628454,5.1390229689785905,-0.012970501722875394,2023-05-03,321.975708,EXIT_MA,16,-7.5249475724042725,-7.8941094583427684,0.5447092154428068,-9.269330053892233,1,9.090909090909092,11.70036781878958,24.71430297855568
LTC-USD,2023-05-17,2023-05-18,93.88941956,2023-05-24,93.88973236,100.0,1.9387093049565154,2.6614289983702966,-8.663402562284194,1.0591435043961963,1.1330381244966536,True,4.880941701514696,8.67952222001196,116.83390428933879,3.6797875727803393,49376301502.12354,4.68388419262582,21.965222822771402,-2.4087326388407826,-0.000333156770326859,2023-05-25,85.98468781,EXIT_MA,7,-8.419193330882702,-8.78478537347398,0.18993562941993503,-11.031039938830778,1,9.090909090909092,-7.040100996373122,1.6054504340277775
TRX-USD,2023-05-21,2023-05-22,0.07512100041,2023-06-09,0.07512400299,85.71428571428571,1.6826586389359386,3.0634867871877747,-11.232417450614173,1.0063577829024841,0.9369150304749614,True,10.877525658361375,9.426962551876272,50.13991055935008,2.1041204809206095,13735586.185745412,9.663676488983764,18.4133645423185,-3.26872707638185,-0.003996831745500806,2023-06-10,0.07198999822,EXIT_MA,19,-4.1679452788320415,-4.5505083715313255,13.973451208994625,-13.104188717233312,1,9.090909090909092,-4.76207726409762,-2.0273280127437787
XRP-USD,2023-05-30,2023-05-31,0.5218949914,,0.521938026,100.0,2.171185068212414,5.580236831275998,-3.9808506958441847,0.934063047336888,0.9307495725574721,True,11.221902019136131,13.322334976244065,69.41089415354551,2.974184985900989,472438570.3050853,21.135002194402965,20.720173023062614,2.4563481011538713,-0.008245155144170901,2023-06-14,0.46970549225999997,STOP,14,-9.999999999999998,-10.359281437125745,7.5651228983992125,-10.426424567522673,1,18.181818181818183,0.2917763461833811,-2.7253373446554208
BTC-USD,2023-06-20,2023-06-21,28311.31055,2023-07-30,28327.48828,100.0,1.5577061746433494,1.7814612356824133,-7.079420827533822,1.0565882658015286,0.9677045112488734,True,4.633666092797384,12.856545640716611,79.43230740019528,3.0339967613958883,388699422989785.44,4.069963229736651,18.085941129572912,7.044872626635534,-0.057109652081033246,2023-07-31,29278.31445,EXIT_MA,40,3.4156098082856357,3.002773042583895,12.373871085243703,-0.09854856401199097,1,9.090909090909092,4.069963229736651,3.8515290545650283
BCH-USD,2023-06-29,2023-06-30,253.4526825,,253.4472198,100.0,4.584188657941457,7.104597480689834,0.0,2.907715876013103,3.7235782417643724,True,98.6324506974028,3.481555203013853,183.65096646146282,6.210373895567191,46631046096.92881,128.78976070917489,23.82755549983726,8.380875570295832,0.002155360001321327,2023-08-02,228.10741425,STOP,33,-9.999999999999998,-10.359281437125755,28.671716741447373,-10.685584675159243,1,18.181818181818183,14.973264389193886,4.019791221662183
ETH-USD,2023-06-30,2023-07-01,1933.323853,2023-07-24,1933.188965,85.71428571428571,2.062546768107238,0.034014915696989334,-8.812093287710098,1.1794852921393877,1.3003085969398056,True,6.002988503493789,8.772398980435291,86.20733127645556,3.1786613265713513,11588682213755.098,10.317608467500229,23.62367067046762,7.608393685062076,0.006977486549031298,2023-07-25,1850.027954,EXIT_MA,24,-4.308429695870519,-4.690431972533715,4.804218540824046,-5.239601313707077,1,18.181818181818183,17.8947380429028,8.49252544189385
XRP-USD,2023-07-13,2023-07-14,0.8161969781,,0.8153650165,95.23809523809523,9.70779624981081,62.45890742772728,0.0,1.7092039475372034,1.3353297594223863,True,63.337348402586535,13.09868829547578,153.05549478537088,4.17865658024586,692217988.3596802,64.20073473431884,23.259430431738636,3.1537184696685205,0.1020354789774025,2023-07-14,0.73457728029,STOP,0,-9.999999999999998,-10.359281437125755,0.6389448797200936,-16.593294943981864,1,27.27272727272727,2.5429814620439695,16.87821152590585
TRX-USD,2023-07-22,2023-07-23,0.08383499831,2023-08-02,0.08381599933,80.95238095238095,4.366450378156746,1.937415596652925,0.0,1.445736914699755,1.21431255183048,True,10.361288410160796,10.608627897947919,67.51139638450658,2.751384426522712,15350940.987432146,10.304531919477622,13.902874938089527,-1.7974520620654078,0.02266748610273428,2023-08-03,0.07645499706,EXIT_MA,11,-8.803007572935929,-9.167067422944164,1.7617977333743484,-9.052302299736292,1,27.27272727272727,-2.77251947952597,9.351729014059407
BCH-USD,2023-10-23,2023-10-24,260.6049194,,260.6100769,100.0,1.9537339125301127,2.934729167925898,-14.556022390807222,1.183208549189918,1.0824815929006117,True,19.488515601914358,17.88672992304079,191.66743371899932,3.7662015804424165,43509737469.091125,13.271771610541583,17.852037823860666,17.073984836526424,-0.001979010198438491,2023-11-02,234.54442746000004,STOP,9,-9.999999999999998,-10.359281437125745,2.6438192785703807,-10.535567503181987,2,8.695652173913043,20.62070830961773,26.4649591104275
TRX-USD,2023-10-23,2023-10-24,0.09222599864,2023-12-15,0.09223800153,90.9090909090909,1.8159626849355321,0.21947949386238452,0.0,1.0395177754463008,1.1466135079675024,True,8.235793006199366,10.81615292659035,84.34328242240805,1.7567596057173576,14541971.781637773,1.51885802831222,17.852037823860666,17.073984836526424,-0.013012955398972181,2023-12-16,0.1015700027,EXIT_MA,53,10.131637713649377,9.691990457307465,20.91926684937222,-0.27758110920467205,2,8.695652173913043,20.62070830961773,26.4649591104275
SOL-USD,2023-10-30,2023-10-31,34.95983124,2024-01-22,34.96233749,86.36363636363636,2.4056185919811646,3.76667876440151,-4.905174612763153,1.734186805285526,2.1738262134059276,True,49.786599231813724,7.584374654648385,262.23708641422746,5.30101088644345,12322711398.623804,58.16400901936192,22.135604068561186,12.978052925011108,-0.007168428028359042,2024-01-23,83.62184143,EXIT_MA,84,139.1940649139129,138.2391983873105,258.1078310720129,-0.14701278060288425,1,21.73913043478261,25.962318570184294,33.052078192307334
BTC-USD,2023-11-01,2023-11-02,35441.57812,2024-01-14,35437.25391,81.81818181818183,1.6186066248826747,0.8159794651340979,0.0,1.66500341300392,1.5857515723194135,True,23.285775468541292,1.5842029798283974,124.46706796406066,3.11593075130578,412643559259888.6,32.44205383144483,25.238872397218493,12.991567888019384,0.012202440998909658,2024-01-15,41715.06641,EXIT_MA,74,17.700928183160713,17.231064198397593,38.169273738874935,-3.690966315243749,1,21.73913043478261,32.44205383144483,36.98840113481992
LINK-USD,2023-11-05,2023-11-06,12.22693062,2023-12-17,12.22770214,100.0,2.035184819125198,2.553496401776223,0.0,1.3544225478245135,1.5466497942725512,True,43.6529907326477,20.93524999084344,138.86168768991521,6.485135324452711,3879685604.541127,62.17819359518191,23.41392747567781,6.589083258967343,-0.0063096074075619235,2023-12-18,14.01838684,EXIT_MA,42,14.651724751505956,14.194033235531878,41.231879338168675,-0.449907190198795,1,21.73913043478261,22.896250886429637,36.0968967972811
BCH-USD,2023-12-04,2023-12-05,251.3426056,,251.2904816,81.81818181818183,3.4672558683463897,2.9469959265280288,-17.611557700923008,0.798177475464448,0.984303792110343,True,6.620321903873361,12.800746442723575,160.01034608042062,3.0812967211090743,46574865852.655106,8.475631874244183,41.1156859306022,11.00071651930159,0.020742528594053233,2023-12-11,226.20834504,STOP,6,-9.999999999999998,-10.359281437125755,4.565077127536554,-10.11513545000029,1,25.0,18.128544629308596,53.12311146740103
CRO-USD,2023-12-09,2023-12-10,0.1087940037,,0.1087479964,77.27272727272727,2.946774405771304,8.396793607029851,0.0,0.7871264788984315,0.9822046751701783,True,30.58188875541341,34.40466027333515,121.79436502129812,5.280832110116926,2071590.2324288187,10.92546661523599,44.93430558246183,10.586521821625205,0.04230634266655375,2023-12-11,0.09791460333,STOP,1,-9.999999999999998,-10.359281437125755,2.6628254329057244,-11.857273233157063,1,20.833333333333336,16.956467042403677,59.636206064214356
AVAX-USD,2023-12-10,2023-12-11,37.08013916,,37.07502747,95.45454545454545,2.756697698866772,8.664739126692144,0.0,1.3393920967357336,1.5680949500065342,True,104.31095624117349,37.138669050497256,321.8957883981604,5.488928846099115,13537749044.453728,77.71901148764151,44.69401785162606,9.846883578884057,0.013787420667821237,2024-01-07,33.372125244,STOP,27,-9.999999999999998,-10.359281437125745,33.914527223689106,-10.239419716352538,1,20.833333333333336,16.817646600695756,62.911388376928116
ADA-USD,2023-12-13,2023-12-14,0.665504992,,0.6652439833,86.36363636363636,3.655787083426863,3.455540548507896,0.0,1.9828016127972725,2.346971300726536,True,70.75018444413857,26.266761986808305,175.0385508206801,5.592008496711796,234022023.92306396,72.04214985605888,40.69758201993483,5.622307699319484,0.03923503354441582,2023-12-16,0.5989544928,STOP,2,-9.999999999999998,-10.359281437125755,1.8482227252774708,-11.25040650333694,1,25.0,15.0205900094331,59.67243683395944
NEAR-USD,2023-12-20,2023-12-21,2.839971066,2024-01-19,2.839524031,86.36363636363636,3.6449555902052504,9.465452506163818,0.0,1.4037301415487158,1.2590432783433596,True,46.88348178777859,36.476378634196685,187.77695538372626,7.2965213901371655,425958868.9706449,50.97017178441823,40.76656573896598,3.2449848319073604,0.015743307509286097,2024-01-20,3.002372026,EXIT_MA,30,5.718401921211691,5.296372372624014,62.218766034428306,-1.8407613241507526,1,25.0,15.749327550493408,45.90430080147725
HBAR-USD,2023-12-21,2023-12-22,0.09124799818,,0.09124100208,77.27272727272727,1.4463270727292659,1.3496139428829323,-0.35275607360387706,1.4767845171516505,1.3042111542712593,True,37.568771294910384,20.40753550233334,150.46255506295932,5.350389836490055,5349250.902805581,49.87516074187004,41.08498509374323,3.1262170998346273,0.007667714997117159,2024-01-05,0.082123198362,STOP,14,-10.000000000000009,-10.359281437125745,10.554752555778224,-10.782700460552718,1,29.166666666666668,13.389944984006984,46.26026454832921
LINK-USD,2024-02-01,2024-02-02,17.18326378,2024-03-16,17.18424606,90.9090909090909,2.270510022189537,3.9890164384438265,0.0,0.8406968766693627,0.9443581298207507,True,15.472818961090272,38.102304500032716,235.68514906353255,5.54288093393374,8379908694.775058,21.578288143633518,26.524116412367206,3.0058097281120633,-0.005716165821700869,2024-03-17,18.12628937,EXIT_MA,44,5.48804698614711,5.06693701813854,32.83418687063884,0.0,1,16.666666666666664,0.5194609419677754,7.747642593822857
BTC-USD,2024-02-09,2024-02-10,47153.52734,2024-04-13,47147.19922,81.81818181818183,1.6268918446085476,3.447790288706609,0.0,0.7471554918816848,0.8683645208860319,True,9.42401562199282,24.497050706371336,133.54945773197554,2.6814436624343774,1064096544546824.8,13.156213110488203,36.229672213860084,10.92762283364963,0.013422048615163717,2024-04-14,63836.23047,EXIT_MA,64,35.379544375778195,34.83910707288087,56.40414295674194,-0.5263806209242938,1,25.0,13.156213110488203,14.313333411177709
ADA-USD,2024-02-15,2024-02-16,0.6085270047,2024-03-19,0.6083629727,77.27272727272727,1.5459288764014063,4.730719502082548,-8.550398354275512,0.9892679996992423,1.0328894429379394,True,14.150192991566923,37.92684740820316,151.52165909768541,3.969177602613161,272975218.7895984,25.35966958151694,47.43733697404129,14.546167133203358,0.02696285069290205,2024-03-20,0.5869140029,EXIT_MA,33,-3.551691483380448,-3.9367146710715395,32.61285273573662,-6.249355362421105,2,29.166666666666668,24.204784662668068,25.56261695891553
TRX-USD,2024-02-15,2024-02-16,0.1311700046,2024-03-14,0.1311690062,72.72727272727273,1.4582600752342618,1.0835129597705384,0.0,1.0595645256734618,1.0454982300607198,True,16.47072667459497,17.28611224251999,128.4497667772501,2.091462319854033,30456991.302796077,14.536074485305917,47.43733697404129,14.546167133203358,0.0007611554199593584,2024-03-15,0.1291120052,EXIT_MA,28,-1.5689558037874862,-1.9618941039719617,9.877253141454867,-4.518572228516938,2,29.166666666666668,24.204784662668068,25.56261695891553
HBAR-USD,2024-02-19,2024-02-20,0.1119939983,,0.1119939983,72.72727272727273,8.158802857264897,22.008448960044436,0.0,1.4605164048724277,1.4045577541379872,True,42.06530164768041,22.534670502437937,160.77865042780536,4.363180049086612,6600674.4359089695,53.55105941564731,45.12097220514657,9.679920436162881,0.0,2024-02-21,0.10079459847,STOP,1,-9.999999999999998,-10.359281437125745,0.999163095331701,-10.605924317642646,1,29.166666666666668,20.54947365807742,18.030875382991262
UNI7083-USD,2024-02-23,2024-02-24,11.35517025,,11.33698177,86.36363636363636,18.302295162639393,42.3957919865426,0.0,2.068848210206066,2.198697337013047,True,71.39244685787789,19.578643891178782,191.61911494075702,4.927443415126883,1065014121.6097922,85.65919844137153,40.41852872020504,3.6921508129934333,0.16043494087758514,2024-02-25,10.219653225,STOP,1,-9.999999999999998,-10.359281437125745,12.643994923810142,-10.26427930483913,1,25.0,18.00254515639448,16.322623179160555
NEAR-USD,2024-02-24,2024-02-25,3.861773014,2024-04-12,3.861270905,90.9090909090909,2.07225748071772,6.917405931882015,-10.356958254584313,1.2899740083484297,1.1883306682136487,True,23.29373133237722,52.801443900554744,291.3278327006578,5.942778370014419,618908012.6972795,40.240798610672,42.31171917211434,4.4479691968222435,0.013003723705318215,2024-04-13,5.793785095,EXIT_MA,48,50.029146560295466,49.430227811551774,132.6678335165351,-7.384508047629135,1,29.166666666666668,21.105597748137605,21.285544637205334
SOL-USD,2024-02-29,2024-03-01,125.6367035,,125.7115173,100.0,3.0473619231492965,6.240069317550634,0.0,1.2807984688796685,1.1667963429516894,True,24.038401542630638,68.9075516426721,767.7795889669075,5.301917304119598,239976052205.85706,17.56064468143994,65.67906405790083,16.343167481435582,-0.05951228782121731,2024-03-05,113.07303315,STOP,4,-9.999999999999998,-10.359281437125745,13.542409125689936,-12.813091836654245,1,29.166666666666668,29.802795971896124,44.79619381790274
BCH-USD,2024-03-02,2024-03-03,501.0927124,,500.8060608,95.45454545454545,10.676313837287555,55.20517729693641,0.0,2.0998254834449614,2.0295420900050534,True,92.53392638635911,10.632338371425032,391.98474045666495,4.804369638930696,98305973136.61075,81.12208989030734,66.44547497864772,14.823569098832024,0.057238045310814556,2024-03-04,450.98344116,STOP,1,-9.999999999999998,-10.359281437125745,4.821092285356476,-12.558491860437604,2,29.166666666666668,28.442359343329127,37.97297650374829
SHIB-USD,2024-03-02,2024-03-03,2.300000051e-05,,2.300000051e-05,77.27272727272727,26.117025777100242,35.294118259515564,0.0,2.8387100030302395,3.6501659376988966,True,129.540921393341,14.05805401087543,228.57143135102035,6.086955283724032,5778.406465907859,155.5555521925927,66.44547497864772,14.823569098832024,0.0,2024-03-03,2.0700000459e-05,STOP,0,-10.000000000000009,-10.359281437125755,4.34782746880904,-13.043482406427131,2,29.166666666666668,28.442359343329127,37.97297650374829
SHIB-USD,2024-03-04,2024-03-05,3.600000127e-05,,3.600000127e-05,91.30434782608695,20.57017939862864,49.99999997916669,0.0,3.1666670772916996,4.18241921227243,True,233.3333411753086,20.0667046110484,414.2857253755101,6.11111069108026,13799.555229973215,299.99999997777775,81.49800310019452,22.870498517983194,0.0,2024-03-05,3.2400001143e-05,STOP,0,-9.999999999999998,-10.359281437125755,24.999997479166748,-27.77778113117273,1,29.166666666666668,37.36843653649689,54.66395401421656
UNI7083-USD,2024-03-06,2024-03-07,15.38658142,,15.38644028,82.6086956521739,4.302286095704477,10.241776411605418,0.0,1.9968547302629736,2.1804435916917213,True,93.81274260339445,34.504478041818665,295.7825978353332,8.730947981491141,2676671767.761964,105.18834702944231,73.79680020003289,16.142157109876276,0.0009173011913832241,2024-03-10,13.847923278000001,STOP,3,-9.999999999999998,-10.359281437125734,1.0792797663563114,-11.372920548325416,1,29.166666666666668,27.278868433217873,50.27964077117828
SOL-USD,2024-03-07,2024-03-08,143.9772797,2024-04-12,143.9778595,95.65217391304348,2.7253483684604447,0.9301863702616986,0.0,1.7477389423197256,1.8879900148381128,True,35.43128414457455,66.55633462557769,893.8711298749487,6.489513579690358,299459952981.4724,30.360511060349292,75.011980542124,16.07493885869129,-0.0004027008055351722,2024-04-13,153.6344757,EXIT_MA,36,6.707444410758656,6.28146658875961,45.64524391413405,-16.76926821392084,1,29.166666666666668,28.30756089279585,52.30033371297837
AVAX-USD,2024-03-11,2024-03-12,49.00715256,2024-04-02,49.00723267,82.6086956521739,2.7903016038771598,9.175204473759123,0.0,1.519985111458033,1.3469145609851614,True,28.523479179409783,52.338607776227434,457.67848267279334,6.532263839618267,25208932339.817646,27.200970159090755,84.42955164409508,17.92314370388761,-0.00016346566747982294,2024-04-03,46.82069016,EXIT_MA,22,-4.461516912909991,-4.842908062958262,33.14474871828792,-8.10401333792572,1,29.166666666666668,37.94411146627012,55.544761152144815
BNB-USD,2024-03-15,2024-03-16,632.8027954,,632.8027954,73.91304347826086,3.3022492988645507,0.2589482316221581,0.0,2.0671609097189934,2.244448289323926,True,64.35846383315923,37.61015103096994,208.33922740799463,5.490424187844858,833612593530.4263,65.76679347484816,73.45719613560793,6.516629536058538,0.0,2024-03-17,569.52251586,STOP,1,-10.000000000000009,-10.359281437125745,1.3714137742571575,-13.062449549981869,1,29.166666666666668,34.578807395170166,63.25702027149709
BCH-USD,2024-03-24,2024-03-25,484.7536316,2024-04-13,484.7536316,78.26086956521739,1.5380714166559903,1.1558498326405653,-3.2053184768485954,1.264083435813062,1.1171469540467396,True,41.407848491806945,31.500375106106592,376.21506266753187,9.116667998779775,238384075774.645,3.046294532039573,60.88356362250493,-0.5256137889122603,0.0,2024-04-14,481.4837646,EXIT_MA,20,-0.6745420326625173,-1.0710508469033875,47.304195874331654,-7.791804875258201,1,25.0,-1.6043253872827457,67.76217622804299
DOGE-USD,2024-03-28,2024-03-29,0.2200559974,,0.2200559974,78.26086956521739,2.8969504489848346,14.904545604630993,0.0,1.0695487029998334,1.3936477275904446,True,68.41294279629354,45.460635950546745,280.08185518899455,8.985281770829845,374023804.9228065,33.08738837376512,65.78797636601178,3.518949674672789,0.0,2024-03-30,0.19805039766000002,STOP,1,-9.999999999999998,-10.359281437125745,1.9740436304054976,-10.092432772750238,1,25.0,3.5795842081109974,68.29773724797215
HBAR-USD,2024-04-23,2024-04-24,0.1564919949,,0.1564919949,82.6086956521739,12.226173600050098,41.721753341575706,0.0,1.3390386612637026,1.491681261107406,True,44.143988088518114,32.14343842065648,264.3924839923944,6.796258092496207,13754070.342054715,52.35257943039577,38.61162060804422,-0.2756941515534961,0.0,2024-04-24,0.14084279541,STOP,0,-9.999999999999998,-10.359281437125755,15.373309807554891,-24.600614187710114,1,8.333333333333332,0.6463408434080886,30.89832829411636
NEAR-USD,2024-05-15,2024-05-16,8.048686981,,8.048585892,100.0,1.6890523747349957,3.663825512662666,-9.388258967207097,0.8871467774229077,0.897539301817746,True,19.71684313294837,60.01977973583386,715.699222072959,7.363519150476875,3501766493.7185,12.732951451245246,28.620253186068645,6.330234518225208,0.001255984608428129,2024-05-30,7.2438182828999995,STOP,14,-9.999999999999998,-10.359281437125745,5.705526057654486,-10.184183953668402,1,12.5,2.7694446103437853,1.4581233885404776
BNB-USD,2024-05-21,2024-05-22,618.4204712,2024-06-11,618.4204712,70.83333333333334,2.383860182083677,2.6271190712212844,-2.272797197570675,0.8120722917608425,1.217866831727751,True,6.243295493874501,44.910458909789554,201.33130208845466,3.0441875344892377,888165445541.8466,10.155225339634866,33.559883040174185,9.54429740158771,0.0,2024-06-12,602.6026001,EXIT_MA,21,-2.5577858167124545,-2.9467766916956406,16.534403526711717,-5.896695096337878,2,16.666666666666664,20.397770349471813,9.968474392638305
DOGE-USD,2024-05-21,2024-05-22,0.1704739928,,0.1704739928,79.16666666666666,1.5163928176537709,0.8173025950881874,-22.53435666794228,0.8353866865902783,0.7946950749520679,True,6.991679241189175,36.22743772636004,194.44356077749552,6.546334039992052,298885929.03517115,30.998809662360838,33.559883040174185,9.54429740158771,0.0,2024-05-23,0.15342659352000002,STOP,1,-9.999999999999986,-10.359281437125734,2.1240847008541452,-10.01384053931773,2,16.666666666666664,20.397770349471813,9.968474392638305
SHIB-USD,2024-05-29,2024-05-30,2.800000038e-05,,2.800000038e-05,87.5,3.0199702785755913,3.7037049190671967,-22.222223910493778,0.9999998930882149,1.2777451477712385,True,14.660115830259546,41.93548397886213,299.99999994285713,5.714283677806152,17988.161955639447,21.739129387523647,25.564883466014887,1.661332637068469,0.0,2024-05-31,2.5200000342e-05,STOP,1,-9.999999999999998,-10.359281437125745,0.0,-10.714289176020364,1,16.666666666666664,7.181816994794166,-2.9681985730429683
WBT-USD,2024-08-23,2024-08-24,10.95039368,2025-02-14,10.95102501,79.16666666666666,1.5699085081302295,2.0606905721087143,0.0,1.030073496252722,1.0076213066690394,True,8.343210786435717,9.599125701624466,118.67818988999561,1.2805423681522572,50875673.31046643,6.621252374011544,1.5399059537401838,8.386318443932828,-0.005765031121962583,2025-02-15,27.08460617,EXIT_MA,175,147.33910909036837,146.35172741735292,162.9449970605988,-3.6954379159818473,1,4.166666666666666,5.626658610757351,6.332291239635168
SUI20947-USD,2024-11-06,2024-11-07,2.305545092,2025-01-20,2.305567026,100.0,2.450547522079786,6.1730052773688815,-1.540079187455512,1.0832088629120247,1.090030362331201,True,23.248343129890436,61.053823510891036,355.6348314826848,7.2457169891880655,1609273811.7324796,13.954090979656542,19.01912562898942,9.447519501659363,-0.0009513494837687375,2025-01-21,4.406771183,EXIT_MA,75,91.13793082126367,90.37490514932252,132.12957137860224,-4.125362211740247,2,12.0,12.22442468158922,39.710961796741074
ZEC-USD,2024-11-06,2024-11-07,43.18949127,,43.18949127,79.16666666666666,1.60648318078431,5.4174031901549125,-0.9104669658287157,1.0879339626947637,1.095467478157294,True,28.86736923354336,14.716392747158835,136.09101063956533,5.95977420967663,2402345399.0738544,19.445471905471546,19.01912562898942,9.447519501659363,0.0,2024-11-13,38.870542143,STOP,6,-9.999999999999986,-10.359281437125745,11.392918798786301,-13.193761520312531,2,12.0,12.22442468158922,39.710961796741074
XRP-USD,2024-11-16,2024-11-17,1.119088054,,1.119089961,75.0,11.022298953785553,21.006112292738433,0.0,2.806803159557813,3.055039186574874,True,95.91637500767047,4.612405466324332,166.5623334731952,5.686177929622229,1802995739.585155,116.71787036517203,40.24276258272752,16.749788443851955,-0.00017040631820064434,2024-11-17,1.0071792486000002,STOP,0,-9.999999999999986,-10.359281437125745,3.172848005399209,-10.15336099727502,1,12.0,33.31284249853994,50.15863088625776
SOL-USD,2024-11-21,2024-11-22,257.0814209,,257.0658875,83.33333333333334,2.6008456941994575,3.5750743127590523,0.0,1.4858126723517366,1.9649902267218022,True,44.72256679005506,12.786926718621672,366.8440152163277,5.717278429250944,840342860139.9954,54.614816024368416,50.71197365389113,18.5206900516961,0.006042575368936376,2024-11-26,231.37327881000002,STOP,4,-9.999999999999998,-10.359281437125745,2.6256748062029933,-13.273702035929592,1,16.0,41.76918053159993,54.7631131962089
XLM-USD,2024-11-22,2024-11-23,0.3410660028,2024-12-26,0.3410660028,91.66666666666666,12.13608827204707,27.58000476343916,0.0,3.1105995544924765,4.148955930338878,True,185.43003723962056,15.358856536204279,306.56336738401546,7.233569976033976,83836172.51485755,268.17469661807377,51.052068444645805,17.022305846551532,0.0,2024-12-27,0.3542569876,EXIT_MA,34,3.867575393533196,3.4529343739981178,85.96049242466451,-8.225684169539281,2,20.0,42.875887053030695,56.32082027844332
XRP-USD,2024-11-22,2024-11-23,1.469032049,,1.469019055,83.33333333333334,6.378670105591279,16.890872241241194,0.0,2.7824045803008324,3.3364693093647033,True,128.6145186651508,13.596769431262068,249.9139129686001,6.97394258374681,3233814016.6517515,188.12768115952227,51.052068444645805,17.022305846551532,0.0008845358374198753,2024-11-24,1.3221288441,STOP,1,-9.999999999999986,-10.359281437125734,10.38663541097462,-10.948164616931377,2,20.0,42.875887053030695,56.32082027844332
XRP-USD,2024-11-29,2024-11-30,1.796715021,2025-02-02,1.796730995,87.5,3.196645299726599,10.798860234062513,0.0,2.0197845216612906,2.3241681922438064,True,130.67398246621516,29.724599623889336,327.97346356573723,8.846040540977029,5481434297.516099,221.13901529947512,46.062292928574266,5.300061677081946,-0.0008890590769916606,2025-02-03,2.579794884,EXIT_MA,65,43.58397708303012,43.01078755375656,88.57030861323223,-1.4560503304213213,1,24.0,26.937954422820386,53.89593071159571
ADA-USD,2024-12-01,2024-12-02,1.155285954,,1.15525198,79.16666666666666,1.4682938586288168,0.7119811826386657,0.0,1.7961906908968046,2.1006916802326825,True,102.22374324296632,31.728188126831935,268.9074091008417,8.720326967541746,1273196110.515368,88.21064971361314,45.07345270032137,3.727869162068398,0.0029408302766986694,2024-12-09,1.0397573586,STOP,7,-10.000000000000009,-10.359281437125755,14.143255826340638,-17.578414330829816,1,24.0,9.670982103580439,60.44090470740302
ZEC-USD,2024-12-02,2024-12-03,74.69499207,,74.69274139,70.83333333333334,3.0848959393993645,20.37719008423622,0.0,1.6397811585073618,1.4870759427628035,True,73.49910633847871,32.41560310445466,308.3003592694272,7.570556031642796,4492696483.501632,77.13465521052547,42.63821570988184,1.7903892514590236,0.0030132512987446347,2024-12-09,67.225492863,STOP,6,-9.999999999999998,-10.359281437125755,5.702859377785319,-28.909622079835373,1,28.000000000000004,8.992574754510962,57.778551134444875
TRX-USD,2024-12-03,2024-12-04,0.4260739982,,0.425992012,79.16666666666666,16.651088089206226,89.82924435456636,0.0,2.4628673603910505,2.2956716960815946,True,132.4865634182651,23.9489427260543,323.560766002612,4.902932152868633,214691152.5766423,140.52397302956604,42.534863176341986,1.6433371096327587,0.019245947738588676,2024-12-04,0.38346659838,STOP,0,-9.999999999999998,-10.359281437125755,2.404279994385239,-24.04817178069235,1,28.000000000000004,5.981177898171364,54.67386364128348
XLM-USD,2025-01-15,2025-01-16,0.4893240035,,0.4893169999,91.66666666666666,1.6984419886192978,1.0476146354394977,-14.062638548983875,0.9987227639230848,0.7071963535592406,True,13.557775243862835,122.51936665619456,483.28407277298976,7.652870309564734,579859366.6378382,38.124473874091706,35.80793741177117,4.87042752596385,0.0014313011813316123,2025-01-19,0.44039160315,STOP,3,-10.000000000000009,-10.359281437125745,4.989947912906767,-13.491677237942811,1,28.000000000000004,4.915654505874234,10.982975882340739
HBAR-USD,2025-01-16,2025-01-17,0.3634299934,,0.3634339869,95.83333333333334,1.6739348142664492,10.291940133424449,-1.0670956734492143,0.9986075687242427,0.5976165216598366,True,27.380176353159392,140.81389470157592,755.4608419098466,7.587182705503872,423557467.03588676,31.78212132729932,34.46090835166344,3.7875678010639957,-0.0010988240351617051,2025-01-19,0.32708699405999997,STOP,2,-10.000000000000009,-10.359281437125755,10.133175210849288,-12.084032990547334,1,28.000000000000004,5.9385708286712635,11.031176752085535
ADA-USD,2025-03-02,2025-03-03,1.129526019,,1.129503012,79.16666666666666,6.605287072057115,36.5653117289571,-8.253058852527984,1.3719951614851522,1.1712449901366768,True,32.42341661096055,27.641313539337787,260.68497344494216,6.578353168216252,1174142716.7619607,58.92980644218999,14.516869258709232,0.7658850688245789,0.0020369135589337617,2025-03-03,1.0165734171,STOP,0,-9.999999999999998,-10.359281437125745,0.4149485643676787,-25.792412171073675,3,16.0,-3.273073857555786,-0.18153642201128584
WBT-USD,2025-03-02,2025-03-03,31.00734138,,31.00735092,91.66666666666666,2.421892544185124,9.167830083762585,0.0,1.9850112513581577,1.38995131444169,True,12.055940701216139,35.25892537996471,291.75323910447423,2.250284217443235,1227563368.9784632,12.145986385491714,14.516869258709232,0.7658850688245789,-3.0766897907152924e-05,2025-03-10,27.906607242,STOP,7,-9.999999999999998,-10.359281437125755,0.000270677833902333,-10.00945634765672,3,16.0,-3.273073857555786,-0.18153642201128584
XRP-USD,2025-03-02,2025-03-03,2.937047005,,2.936942101,100.0,1.9751491635003342,3.8423189426063153,-10.964926533008478,1.1175628658497514,0.7984593115326603,True,7.86762577351634,76.74164499423914,599.5667613876742,6.692326325843356,25254956501.570366,21.22618614973353,14.516869258709232,0.7658850688245789,0.003571878382091498,2025-03-03,2.6433423045000004,STOP,0,-9.999999999999986,-10.359281437125745,0.23387698556767145,-21.290633208643538,3,16.0,-3.273073857555786,-0.18153642201128584
LEO-USD,2025-03-03,2025-03-04,9.942689896,2025-03-28,9.942689896,79.16666666666666,3.902400646737259,0.3542447071063215,0.0,1.750108032720257,2.3102207941802018,True,2.9410877257039836,24.164249672938844,103.92672250543713,2.784768377533233,18874140.950152468,1.3109725619139923,4.39368069713284,-7.503923178380855,0.0,2025-03-29,9.696493149,EXIT_MA,25,-2.476158359309244,-2.8654750924058114,0.26808838733594076,-3.9536754853246037,1,8.0,-10.111767847289988,-11.16890509679459
XMR-USD,2025-04-23,2025-04-24,230.1360168,2025-06-12,230.1824493,76.0,1.4502129282266887,1.4242060809085633,-3.767968696485602,0.9036788594209267,1.1189658210810927,True,7.775778416876089,8.818309547531555,93.69321173818356,3.8299212697620733,13684681595.627111,7.058641091780138,5.8327298246010795,11.404861064958105,-0.020172041848198763,2025-06-13,318.5281067,EXIT_MA,50,38.408629439701,37.85609998085988,82.666102874863,-3.744587796307075,1,8.0,12.75080704196856,-2.980653615569795
WBT-USD,2025-05-08,2025-05-09,30.38140678,2025-07-28,30.38157463,84.0,1.720694453333026,2.9373408672207058,-2.0181546357008195,1.2478216885190831,0.7355982918196459,True,6.738621636169717,9.224531094311894,228.44623849721498,1.4657302408555233,851294166.6915069,8.27877033501112,13.623376474181391,9.78059477574642,-0.0005524730105177511,2025-07-29,43.87030029,EXIT_MA,81,44.39851520924207,43.82207403076208,70.7731504854299,-1.243668052424518,1,8.0,22.25041700783823,28.089491282049494
XMR-USD,2025-07-14,2025-07-15,344.3134766,2025-07-18,344.3134766,80.0,1.664422908395423,0.9987652705149674,-17.572327983211867,0.7471585581978215,1.131489458305224,True,5.921732366964028,25.92159350839922,152.0105402243531,3.559418402968198,32435587905.596542,9.629744218600212,23.406533141423914,8.341487097164935,0.0,2025-07-19,321.1074219,EXIT_MA,4,-6.739804357689783,-7.112100547878642,0.1891076139190595,-7.682727833139936,1,8.0,13.017103991480905,15.523753715717238
TRX-USD,2025-07-18,2025-07-19,0.3261719942,2025-09-04,0.3261730075,80.0,3.8798095231217156,2.2219930815669864,-23.432130577133915,1.2368687694165987,1.628896149683627,True,15.56839541200179,11.180336623645527,168.24320253077792,1.8886304103505565,184780062.6460803,18.73185046721233,20.893392202325533,4.542595960698681,-0.00031066335248741694,2025-09-05,0.3346959949,EXIT_MA,48,2.613345367344233,2.203711254101348,13.371783652662849,-7.642896215275363,1,8.0,9.946661664839063,11.738940784731366
BCH-USD,2025-08-12,2025-08-13,618.7223511,,618.7223511,72.0,1.4313290256920919,2.185119011607184,-0.7404749118391285,1.0553388114855704,1.0637638910178264,True,17.047606015646323,30.12357718828289,130.03675501348,4.982941207019213,276302992151.8198,20.779677089545423,20.3065167389642,2.886050994259337,0.0,2025-08-19,556.85011599,STOP,6,-10.000000000000009,-10.359281437125766,1.6863423119352738,-11.4304054272915,1,12.0,1.19400931906668,13.273455374459719
WBT-USD,2025-08-13,2025-08-14,46.81507111,2025-08-18,46.81517792,88.0,1.504784077484731,2.2353234262154187,-9.10445095739757,1.0083511515207313,1.0359973382225511,True,4.754998089481011,31.691682128296073,342.3969856995498,2.088200860136772,2926919979.6548643,6.126667267437513,23.366159066799618,5.376571300220245,-0.0002281525025460418,2025-08-19,44.01456451,EXIT_MA,5,-5.982062044549141,-6.357383154151741,0.15594480210969763,-9.24392268855404,1,8.0,4.20389167680455,16.944390427683253
ETH-USD,2025-08-22,2025-08-23,4831.088379,,4831.348633,80.0,2.076463852246966,0.8937331611483801,0.0,1.2666666036629517,1.36645975282793,True,31.563618428529573,41.42831243891671,228.09333868633098,5.223890003013165,144834477507814.75,42.402509726816874,16.15927128422612,0.14686321387988865,-0.0053867774770455235,2025-08-25,4347.9795411,STOP,2,-10.000000000000009,-10.359281437125745,2.538652191359536,-10.083465148713222,1,16.0,3.863228486064041,10.699517650558832
CRO-USD,2025-08-26,2025-08-27,0.2003680021,2025-09-23,0.2003619969,96.0,14.355962080396973,15.811499507767014,-6.745481125884001,1.3448752808257287,1.6104545685661038,True,46.78885193796691,34.71464677121647,184.24980331790078,5.846442005589732,8995985.326937431,39.17893731078801,10.771237344086003,-3.881673603681668,0.0029971751594137785,2025-09-24,0.2058899999,EXIT_MA,28,2.755927963609728,2.3457246583657554,93.37019995170178,-2.0627051009558417,1,12.0,-2.8039640783113717,4.402180994909122
BNB-USD,2025-09-21,2025-09-22,1048.671143,,1048.672363,72.0,1.6466504973105591,0.5203449568038421,0.0,1.1766239144513704,1.2058931147894676,True,20.84470172384463,23.665450594161143,97.07371341518463,2.3275893249605923,2330160374071.021,23.982000862695084,11.41464486578938,1.197804308007755,-0.00011633757529549982,2025-09-25,943.8040287,STOP,3,-9.999999999999998,-10.359281437125745,0.15707650687208918,-10.045695888858841,1,12.0,5.542761635772453,-2.9041878114920983
ZEC-USD,2025-09-29,2025-09-30,72.08258057,,72.07198334,92.0,2.667768430411183,17.550403156230242,-3.5087185196697845,1.602329912326168,1.1680647893175273,True,56.703099624538076,10.37472511333477,180.94182505153898,5.688417199731249,4025290867.0318933,49.177901387790016,9.359103530497425,0.23725664816394154,0.0147036747275342,2025-09-30,64.87432251300001,STOP,0,-9.999999999999986,-10.359281437125734,6.927841290518888,-10.971519079176051,1,8.0,2.5731389110582814,-1.1729797661311436
ZEC-USD,2025-09-30,2025-10-01,74.46419525,2025-11-30,74.46339417,92.0,3.012941092664379,2.5604204058558455,-0.3070542274014043,1.8006254038171874,1.306971977886688,True,59.28923405853968,11.621166422411399,190.26371813527408,6.256266862969402,4347350884.383112,55.395948529711816,8.873412571732619,-0.06882499094962302,0.0010758037676472654,2025-12-01,427.6838989,EXIT_MA,61,474.34837973354706,472.0555718304191,889.0843920723095,-0.30085538324541305,1,8.0,0.08839119154233632,0.64948768274804
BNB-USD,2025-10-03,2025-10-04,1189.928833,,1189.919067,84.0,2.0742652279219804,8.449350952655443,0.0,1.5077203382267284,1.2410618520666759,True,29.138753817055772,26.5902010339071,123.61776420460689,3.8086068382161677,2784395528792.891,27.41401675780162,16.097939215734257,6.470101287507335,0.0008207280873806511,2025-10-10,1070.9359497,STOP,6,-9.999999999999998,-10.359281437125734,12.32315033751268,-19.115487169643195,1,20.0,5.447171832049524,6.252307883503216
WBT-USD,2026-08-19,2026-08-20,59.56788635,,59.56788635,88.0,2.8390857949379384,4.699492971314068,-5.354552736706997,1.0469941324119576,0.8397652221842371,True,6.428971355681901,3.785205025069649,47.700825154470515,1.8618554131390601,4158785946.782589,5.458168762193294,0.39295315440186496,8.092957054702342,0.0,2026-09-25,83.92256165,OPEN,36,40.885579113719885,40.323161632228,47.51312874138935,-0.7949670519071583,2,8.0,7.015615697970667,7.824621869534609
ZEC-USD,2026-08-19,2026-08-20,564.5155029,,564.4899292,96.0,1.8279746365880924,7.215175798985518,-19.17782253512851,0.9138157295500633,0.834604495682119,True,13.493845708853947,25.463721292159057,1345.8850783767248,4.182734947718532,188969381273.6208,19.96519056831858,0.39295315440186496,8.092957054702342,0.004530408547109843,2026-09-25,1552.952393,OPEN,36,175.09472902378286,173.99654647278967,192.48030771840118,-2.4590059314029244,2,8.0,7.015615697970667,7.824621869534609
GRAM-USD,2026-08-21,2026-08-22,1.491063952,2026-08-22,1.491085052,100.0,2.0452711351518214,4.421741257827616,-16.309744466538433,0.8120178354595734,0.7282144690332976,True,1.1835817519641356,172.52864689166225,153146.1486859595,2.863696302415888,107549726.34432743,7.155439401820174,13.572722891781574,19.83400554592627,-0.001415076891275735,2026-08-23,1.442782044,EXIT_MA,1,-3.238084317928702,-3.624359430431978,4.4460919943157595,-4.736882942228082,1,12.0,24.81045794436556,22.49039640570882
NEAR-USD,2026-09-17,2026-09-18,3.156306982,,3.156415939,88.0,5.101122409433489,16.26128649110834,-0.8774452623170337,1.611879070079805,1.9075801394046417,True,62.65800296501549,10.799909633406513,228.5407601404498,6.722560632082778,652695092.7028799,73.12220019009033,8.625562417382238,-2.063911244278427,-0.0034519214864525694,2026-09-25,4.948783875,OPEN,7,56.79032182934862,56.164412360967965,64.2549377346972,-2.6243661491859194,2,16.0,-1.8328540690633721,18.106079845704272
UNI7083-USD,2026-09-17,2026-09-18,7.805519104,,7.80847311,92.0,3.1299140921710857,4.66162747612795,-18.809897055123137,1.3837410354717932,1.4404887962074324,True,60.3591076920148,30.667082167731195,225.8995916791061,8.013797699432686,2202712898.4606414,76.05433620497124,8.625562417382238,-2.063911244278427,-0.03783077636800858,2026-09-25,9.626296997,OPEN,7,23.326800802613224,22.834478244518962,39.391362893780446,-1.92302570783639,2,16.0,-1.8328540690633721,18.106079845704272
GRAM-USD,2026-09-21,2026-09-22,1.447522044,,1.447515965,100.0,2.0449786218585397,0.18097952856963584,-18.755150259788667,0.8066273245099721,0.9719924382248168,True,5.249363259579898,82.20147344367747,148668.33920382572,3.098091322260478,81982935.72840491,9.982915598082688,22.696346258265265,9.74248804453961,0.00041996082578155125,2026-09-25,1.458775997,OPEN,3,0.777463324074934,0.37515808126427075,2.4105275042014984,-3.543990864432045,1,24.0,11.884829760880056,33.14346022597881
