date,cash,positions_value,equity,n_positions,exposure_pct
2026-09-23,100000000.0,0.0,100000000.0,0,0.0
2026-09-28,89302648.0,10778000.0,100080648.0,1,10.769314763029913
2026-09-29,89302648.0,10676000.0,99978648.0,1,10.678280026351226
2026-09-30,89302648.0,10880000.0,100182648.0,1,10.860164127424541
2026-10-01,89302648.0,10608000.0,99910648.0,1,10.617486936927884
2026-10-02,89302648.0,10404000.0,99706648.0,1,10.43461013753065
2026-10-06,89302648.0,10591000.0,99893648.0,1,10.602275732286802
2026-10-07,78395878.0,21286500.0,99682378.0,2,21.354326037446658
2026-10-08,78395878.0,21165500.0,99561378.0,2,21.258745534839825
