symbol,as_of,close,status,tt_count,tt_pass,tt1,tt2,tt3,tt4,tt5,tt6,tt7,tt8,regime_on,rs,rs_proxy_pp,pivot,to_pivot_pct,breakout_pct,vol_x,ma50,exit_ma,ma150,ma200,from_high52_pct,in_position,entry_date,entry_price,stop_price,exit_pending,entry_pending,stop_if_filled_at_close
000250.KQ,2026-10-06,241000.0,후보 아님 (트렌드 템플릿 3/8),3,False,False,True,False,False,True,True,False,False,True,24.14,-4.61,219500.0,-8.92,9.79,2.02,168090.0,168090.0,366241.3333,362841.0,-79.65,False,,,,False,False,216900.0
0009K0.KQ,2026-10-06,25800.0,후보 아님 (트렌드 템플릿 1/8),1,False,False,False,False,False,True,False,False,False,True,,,25900.0,0.39,-0.39,1.23,23594.6,23594.6,35031.9333,40503.45,,False,,,,False,False,23220.0
003380.KQ,2026-10-06,11590.0,후보 아님 (트렌드 템플릿 3/8),3,False,False,False,True,False,True,True,False,False,True,39.31,12.31,11750.0,1.38,-1.36,0.89,10792.0,10792.0,11946.8,12086.45,-40.9,False,,,,False,False,10431.0
005290.KQ,2026-10-06,52300.0,후보 아님 (트렌드 템플릿 6/8),6,False,True,True,True,False,True,True,True,False,True,46.21,19.13,53800.0,2.87,-2.79,1.28,42279.0,42279.0,49532.6667,48076.0,-20.76,False,,,,False,False,47070.0
006730.KQ,2026-10-06,11440.0,후보 아님 (트렌드 템플릿 3/8),3,False,False,False,True,False,True,True,False,False,True,28.28,-0.29,11790.0,3.06,-2.97,0.97,10746.6,10746.6,11944.5333,12604.35,-38.43,False,,,,False,False,10296.0
007390.KQ,2026-10-06,24750.0,후보 아님 (트렌드 템플릿 6/8),6,False,True,True,True,True,True,True,False,False,True,44.83,17.34,25800.0,4.24,-4.07,0.55,24013.0,24013.0,22921.1333,22752.55,-28.36,False,,,,False,False,22275.0
010170.KQ,2026-10-06,18530.0,후보 아님 (트렌드 템플릿 6/8),6,False,True,True,True,False,True,True,False,True,True,98.62,403.41,18990.0,2.48,-2.42,1.09,13548.6,13548.6,14092.7667,11313.7567,-36.32,False,,,,False,False,16677.0
014620.KQ,2026-10-06,30000.0,후보 아님 (트렌드 템플릿 4/8),4,False,False,True,True,False,True,True,False,False,True,25.52,-2.6,36400.0,21.33,-17.58,0.78,29179.0,29179.0,32403.3333,31748.0,-37.89,False,,,,False,False,27000.0
023160.KQ,2026-10-06,26750.0,후보 아님 (트렌드 템플릿 4/8),4,False,False,True,True,False,True,True,False,False,True,28.97,-0.27,29650.0,10.84,-9.78,1.06,24761.0,24761.0,30379.6667,29224.0,-44.85,False,,,,False,False,24075.0
028300.KQ,2026-10-06,47400.0,후보 아님 (트렌드 템플릿 2/8),2,False,False,False,False,False,True,True,False,False,True,31.72,2.05,47700.0,0.63,-0.63,4.46,35479.0,35479.0,45888.3333,47504.0,-30.5,False,,,,False,False,42660.0
030530.KQ,2026-10-06,30600.0,후보 아님 (트렌드 템플릿 4/8),4,False,True,False,False,False,True,True,False,True,True,75.17,61.85,30400.0,-0.65,0.66,1.0,21401.0,21401.0,25511.5333,28800.15,-37.17,False,,,,False,False,27540.0
031330.KQ,2026-10-06,8840.0,후보 아님 (트렌드 템플릿 5/8),5,False,False,True,True,False,True,True,False,True,True,79.31,71.4,9000.0,1.81,-1.78,0.54,8685.6,8685.6,9365.1333,8091.85,-53.13,False,,,,False,False,7956.0
031980.KQ,2026-10-06,197000.0,돌파 · 거래량 부족,8,True,True,True,True,True,True,True,True,True,True,94.48,179.77,195500.0,-0.76,0.77,1.14,132026.0,132026.0,122847.3333,107028.75,0.0,False,,,,False,False,177300.0
032190.KQ,2026-10-06,19220.0,후보 아님 (트렌드 템플릿 1/8),1,False,False,False,True,False,False,False,False,False,True,30.34,1.37,20800.0,8.22,-7.6,1.11,19552.4,19552.4,21009.3333,21232.5,-37.19,False,,,,False,False,17298.0
032500.KQ,2026-10-06,20900.0,후보 아님 (트렌드 템플릿 4/8),4,False,False,True,True,False,True,True,False,False,True,48.97,21.48,21650.0,3.59,-3.46,0.88,16382.0,16382.0,22806.4667,21254.1,-45.29,False,,,,False,False,18810.0
032820.KQ,2026-10-06,12800.0,후보 아님 (트렌드 템플릿 5/8),5,False,False,True,True,False,True,True,False,True,True,88.97,89.88,15070.0,17.73,-15.06,0.45,11776.0,11776.0,15832.8,13620.225,-56.31,False,,,,False,False,11520.0
033100.KQ,2026-10-06,50400.0,후보 아님 (트렌드 템플릿 4/8),4,False,False,True,True,False,True,True,False,False,True,42.07,14.5,49750.0,-1.29,1.31,1.06,46325.0,46325.0,51460.6667,49314.75,-44.92,False,,,,False,False,45360.0
033640.KQ,2026-10-06,32350.0,후보 아님 (트렌드 템플릿 7/8),7,False,True,True,True,False,True,True,True,True,True,86.21,85.88,32750.0,1.24,-1.22,1.83,21461.6,21461.6,24341.6,22487.05,-16.94,False,,,,False,False,29115.0
033790.KQ,2026-10-06,10320.0,후보 아님 (트렌드 템플릿 6/8),6,False,True,True,True,False,True,True,False,True,True,77.93,66.12,10470.0,1.45,-1.43,1.41,7048.1,7048.1,8393.0667,7707.85,-44.37,False,,,,False,False,9288.0
035760.KQ,2026-10-06,34300.0,후보 아님 (트렌드 템플릿 1/8),1,False,False,False,False,False,True,False,False,False,True,10.34,-26.33,39550.0,15.31,-13.27,0.62,34198.0,34198.0,43027.3333,48951.0,-57.12,False,,,,False,False,30870.0
035900.KQ,2026-10-06,37850.0,후보 아님 (트렌드 템플릿 0/8),0,False,False,False,False,False,False,False,False,False,True,4.14,-41.44,40450.0,6.87,-6.43,0.58,40940.0,40940.0,52726.6667,57169.0,-55.47,False,,,,False,False,34065.0
036540.KQ,2026-10-06,11730.0,후보 아님 (트렌드 템플릿 7/8),7,False,True,True,True,False,True,True,True,True,True,91.72,148.55,11850.0,1.02,-1.01,2.38,6840.7,6840.7,7035.9333,6691.95,0.0,False,,,,False,False,10557.0
036810.KQ,2026-10-06,35850.0,후보 아님 (트렌드 템플릿 3/8),3,False,True,False,False,False,True,True,False,False,True,51.72,23.26,36650.0,2.23,-2.18,1.14,25230.0,25230.0,31743.8667,32703.1351,-27.65,False,,,,False,False,32265.0
036830.KQ,2026-10-06,49300.0,후보 아님 (트렌드 템플릿 5/8),5,False,True,True,True,False,True,True,False,False,True,51.03,23.24,49450.0,0.3,-0.3,1.99,39480.0,39480.0,46529.0,45869.25,-38.07,False,,,,False,False,44370.0
036930.KQ,2026-10-06,278500.0,신호 확정 → 다음 시가 진입,8,True,True,True,True,True,True,True,True,True,True,99.31,425.25,254000.0,-8.8,9.65,2.46,178734.0,178734.0,150812.6667,122167.0,0.0,False,,,,False,True,250650.0
038500.KQ,2026-10-06,6750.0,후보 아님 (트렌드 템플릿 3/8),3,False,False,True,True,False,False,True,False,False,True,37.24,8.04,7500.0,11.11,-10.0,0.84,7283.0,7283.0,11296.4667,10466.6,-66.58,False,,,,False,False,6075.0
039030.KQ,2026-10-06,544000.0,후보 아님 (트렌드 템플릿 7/8),7,False,True,True,True,False,True,True,True,True,True,80.0,74.88,564000.0,3.68,-3.55,0.65,405450.0,405450.0,431083.3333,402615.0,-11.11,False,,,,False,False,489600.0
039200.KQ,2026-10-06,39150.0,후보 아님 (트렌드 템플릿 2/8),2,False,False,False,False,False,True,True,False,False,True,24.83,-3.61,38550.0,-1.53,1.56,1.29,35330.0,35330.0,41953.0,43830.75,-36.85,False,,,,False,False,35235.0
041510.KQ,2026-10-06,78200.0,후보 아님 (트렌드 템플릿 1/8),1,False,False,False,False,False,True,False,False,False,True,15.17,-20.86,91000.0,16.37,-14.07,0.57,76676.0,76676.0,83330.6667,91276.0,-46.44,False,,,,False,False,70380.0
041830.KQ,2026-10-06,52300.0,후보 아님 (트렌드 템플릿 5/8),5,False,True,True,True,True,False,True,False,False,True,65.52,40.97,63400.0,21.22,-17.51,0.46,57959.0,57959.0,45265.3333,42038.25,-26.13,False,,,,False,False,47070.0
041960.KQ,2026-10-06,10430.0,후보 아님 (트렌드 템플릿 7/8),7,False,True,True,True,True,True,True,True,False,True,64.14,37.9,10690.0,2.49,-2.43,1.77,8953.8,8953.8,8513.4,8276.3,0.0,False,,,,False,False,9387.0
043260.KQ,2026-10-06,32350.0,후보 아님 (트렌드 템플릿 6/8),6,False,True,True,True,False,True,True,False,True,True,100.0,665.55,32900.0,1.7,-1.67,1.3,19532.2,19532.2,32203.4,27674.4,-39.19,False,,,,False,False,29115.0
044490.KQ,2026-10-06,37650.0,후보 아님 (트렌드 템플릿 4/8),4,False,False,True,True,False,True,True,False,False,True,43.45,15.95,41900.0,11.29,-10.14,0.38,32899.0,32899.0,37835.6667,35735.75,-35.97,False,,,,False,False,33885.0
046890.KQ,2026-10-06,10840.0,후보 아님 (트렌드 템플릿 4/8),4,False,False,True,True,False,True,True,False,False,True,60.69,32.44,11530.0,6.37,-5.98,0.86,9634.8,9634.8,11122.0,10016.0,-40.7,False,,,,False,False,9756.0
048410.KQ,2026-10-06,7150.0,후보 아님 (트렌드 템플릿 4/8),4,False,False,True,True,False,True,True,False,False,True,26.21,-1.93,7730.0,8.11,-7.5,0.84,6710.6,6710.6,10193.6667,9551.9,-64.25,False,,,,False,False,6435.0
053610.KQ,2026-10-06,85700.0,후보 아님 (트렌드 템플릿 7/8),7,False,True,True,True,False,True,True,True,True,True,88.28,88.4,87300.0,1.87,-1.83,1.45,64437.0,64437.0,68267.6667,61484.5,-11.1,False,,,,False,False,77130.0
053800.KQ,2026-10-06,89000.0,후보 아님 (트렌드 템플릿 7/8),7,False,True,False,True,True,True,True,True,True,True,71.03,51.41,78800.0,-11.46,12.94,12.26,61338.0,61338.0,60429.3333,60936.5,0.0,False,,,,False,False,80100.0
056190.KQ,2026-10-06,31800.0,후보 아님 (트렌드 템플릿 5/8),5,False,True,False,True,False,True,True,True,False,True,59.31,31.37,32000.0,0.63,-0.62,1.53,24422.6,24422.6,26500.4667,26655.6,-10.8,False,,,,False,False,28620.0
058470.KQ,2026-10-06,86900.0,후보 아님 (트렌드 템플릿 4/8),4,False,False,True,True,False,True,True,False,False,True,57.24,27.35,86900.0,0.0,0.0,2.12,68536.0,68536.0,90226.0,86477.5,-31.57,False,,,,False,False,78210.0
058610.KQ,2026-10-06,106300.0,후보 아님 (트렌드 템플릿 5/8),5,False,True,False,True,False,True,True,False,True,True,83.45,79.78,107600.0,1.22,-1.21,0.74,96796.0,96796.0,104324.0,104878.0,-32.76,False,,,,False,False,95670.0
059090.KQ,2026-10-06,24000.0,2순위 · 근접 (피벗 3% 이내),8,True,True,True,True,True,True,True,True,True,True,74.48,59.65,24700.0,2.92,-2.83,0.92,18522.6,18522.6,18213.3333,17339.6,-13.98,False,,,,False,False,21600.0
060370.KQ,2026-10-06,34950.0,후보 아님 (트렌드 템플릿 5/8),5,False,True,True,True,False,True,True,False,False,True,53.79,24.0,36200.0,3.58,-3.45,1.74,31444.0,31444.0,31498.0,31166.25,-30.24,False,,,,False,False,31455.0
064290.KQ,2026-10-06,60400.0,3순위 · 관찰,8,True,True,True,True,True,True,True,True,True,True,95.17,185.52,62600.0,3.64,-3.51,0.56,38862.0,38862.0,33249.2667,28729.05,0.0,False,,,,False,False,54360.0
064760.KQ,2026-10-06,296500.0,후보 아님 (트렌드 템플릿 7/8),7,False,True,True,True,False,True,True,True,True,True,71.72,52.26,316000.0,6.58,-6.17,0.69,235640.0,235640.0,250922.6667,232430.0,-14.92,False,,,,False,False,266850.0
065350.KQ,2026-10-06,33850.0,후보 아님 (트렌드 템플릿 2/8),2,False,False,False,False,False,True,True,False,False,True,12.41,-22.05,33500.0,-1.03,1.04,0.89,30443.0,30443.0,42927.6667,48306.25,-57.53,False,,,,False,False,30465.0
067310.KQ,2026-10-06,52800.0,후보 아님 (트렌드 템플릿 7/8),7,False,True,True,True,False,True,True,True,True,True,85.52,85.87,54400.0,3.03,-2.94,1.32,36827.0,36827.0,38651.1667,36298.375,-7.04,False,,,,False,False,47520.0
068760.KQ,2026-10-06,39650.0,후보 아님 (트렌드 템플릿 0/8),0,False,False,False,False,False,False,False,False,False,True,15.86,-20.02,42000.0,5.93,-5.6,0.98,40921.0,40921.0,48023.6667,52443.6716,-47.62,False,,,,False,False,35685.0
074600.KQ,2026-10-06,32800.0,후보 아님 (트렌드 템플릿 6/8),6,False,True,True,True,False,True,True,True,False,True,52.41,23.48,33050.0,0.76,-0.76,0.83,27357.0,27357.0,31828.6667,30013.7,-22.18,False,,,,False,False,29520.0
077360.KQ,2026-10-06,14600.0,후보 아님 (트렌드 템플릿 6/8),6,False,True,True,True,False,True,True,False,True,True,84.14,83.98,14580.0,-0.14,0.14,1.06,10345.4,10345.4,12309.7333,11187.85,-25.47,False,,,,False,False,13140.0
078600.KQ,2026-10-06,111400.0,후보 아님 (트렌드 템플릿 5/8),5,False,True,True,True,False,True,True,False,False,True,60.0,32.1,110400.0,-0.9,0.91,1.97,86672.0,86672.0,108944.6667,99933.5,-39.06,False,,,,False,False,100260.0
080220.KQ,2026-10-06,93600.0,후보 아님 (트렌드 템플릿 7/8),7,False,True,True,True,True,True,True,False,True,True,95.86,187.65,95500.0,2.03,-1.99,1.26,75330.0,75330.0,71622.6667,61639.45,-30.15,False,,,,False,False,84240.0
082920.KQ,2026-10-06,30150.0,후보 아님 (트렌드 템플릿 4/8),4,False,False,True,True,False,True,True,False,False,True,48.28,21.36,30400.0,0.83,-0.82,0.75,29671.0,29671.0,37590.0,33169.25,-52.96,False,,,,False,False,27135.0
083450.KQ,2026-10-06,56000.0,신호 확정 → 다음 시가 진입,8,True,True,True,True,True,True,True,True,True,True,82.76,78.87,55300.0,-1.25,1.27,1.4,46029.0,46029.0,44909.3333,40584.25,-15.79,False,,,,False,True,50400.0
083650.KQ,2026-10-06,58200.0,후보 아님 (트렌드 템플릿 4/8),4,False,False,True,True,False,True,True,False,False,True,26.9,-0.7,70700.0,21.48,-17.68,0.55,57400.0,57400.0,72296.0,70278.5,-46.85,False,,,,False,False,52380.0
084370.KQ,2026-10-06,180100.0,후보 아님 (트렌드 템플릿 7/8),7,False,True,True,True,False,True,True,True,True,True,82.07,77.53,186200.0,3.39,-3.28,0.84,134086.0,134086.0,138227.3333,126137.0,-12.78,False,,,,False,False,162090.0
085660.KQ,2026-10-06,8660.0,후보 아님 (트렌드 템플릿 1/8),1,False,False,False,False,False,True,False,False,False,True,6.21,-31.9,8720.0,0.69,-0.69,0.73,8482.0,8482.0,12903.1333,13976.05,-63.69,False,,,,False,False,7794.0
086450.KQ,2026-10-06,21700.0,후보 아님 (트렌드 템플릿 5/8),5,False,True,True,True,False,True,True,False,False,True,33.79,5.92,23400.0,7.83,-7.26,1.04,19931.4,19931.4,20763.2,20058.85,-27.42,False,,,,False,False,19530.0
086520.KQ,2026-10-06,95400.0,후보 아님 (트렌드 템플릿 2/8),2,False,False,False,False,False,True,True,False,False,True,41.38,14.14,90400.0,-5.24,5.53,1.82,83978.0,83978.0,116337.3333,117858.5,-48.43,False,,,,False,False,85860.0
087010.KQ,2026-10-06,130600.0,후보 아님 (트렌드 템플릿 0/8),0,False,False,False,False,False,False,False,False,False,True,2.76,-43.09,167500.0,28.25,-22.03,0.84,158200.0,158200.0,217400.6667,227950.5,-66.17,False,,,,False,False,117540.0
089030.KQ,2026-10-06,57300.0,후보 아님 (트렌드 템플릿 5/8),5,False,True,True,False,False,True,True,True,False,True,49.66,21.62,57900.0,1.05,-1.04,1.12,47450.0,47450.0,51972.6667,50303.5,-19.41,False,,,,False,False,51570.0
089970.KQ,2026-10-06,70400.0,후보 아님 (트렌드 템플릿 6/8),6,False,True,True,True,False,True,True,False,True,True,89.66,98.68,72000.0,2.27,-2.22,1.21,60551.0,60551.0,63113.3333,54688.5,-41.19,False,,,,False,False,63360.0
090360.KQ,2026-10-06,81700.0,후보 아님 (트렌드 템플릿 4/8),4,False,True,False,True,False,True,True,False,False,True,63.45,37.49,83700.0,2.45,-2.39,0.72,75824.0,75824.0,76773.3333,77524.0,-48.55,False,,,,False,False,73530.0
090710.KQ,2026-10-06,6540.0,후보 아님 (트렌드 템플릿 2/8),2,False,False,False,True,False,False,True,False,False,True,35.86,6.9,7030.0,7.49,-6.97,1.13,6565.0,6565.0,9503.0667,9922.15,-69.58,False,,,,False,False,5886.0
093320.KQ,2026-10-06,128500.0,후보 아님 (트렌드 템플릿 5/8),5,False,True,False,True,True,False,True,True,False,True,46.9,20.59,148700.0,15.72,-13.58,0.54,139828.0,139828.0,121582.6667,122076.0,-21.17,False,,,,False,False,115650.0
095340.KQ,2026-10-06,205500.0,후보 아님 (트렌드 템플릿 7/8),7,False,True,True,True,False,True,True,True,True,True,75.86,63.64,225000.0,9.49,-8.67,0.9,168166.0,168166.0,194851.3333,177628.5,-24.17,False,,,,False,False,184950.0
095610.KQ,2026-10-06,176400.0,3순위 · 관찰,8,True,True,True,True,True,True,True,True,True,True,93.79,171.88,187400.0,6.24,-5.87,0.69,143110.0,143110.0,123839.3333,106414.5,-18.9,False,,,,False,False,158760.0
096530.KQ,2026-10-06,37250.0,후보 아님 (트렌드 템플릿 7/8),7,False,True,True,True,True,True,True,True,False,True,67.59,43.21,37650.0,1.07,-1.06,0.59,31432.0,31432.0,28053.0,27392.0,-0.13,False,,,,False,False,33525.0
098460.KQ,2026-10-06,36450.0,후보 아님 (트렌드 템플릿 7/8),7,False,True,True,True,False,True,True,True,True,True,73.1,56.36,34500.0,-5.35,5.65,1.88,28949.0,28949.0,30956.6667,30399.0,-16.21,False,,,,False,False,32805.0
099320.KQ,2026-10-06,82600.0,후보 아님 (트렌드 템플릿 3/8),3,False,False,False,True,False,True,True,False,False,True,31.03,1.43,83700.0,1.33,-1.31,2.83,74242.0,74242.0,121460.0,122314.0,-61.4,False,,,,False,False,74340.0
100790.KQ,2026-10-06,18250.0,후보 아님 (트렌드 템플릿 4/8),4,False,False,True,True,False,True,True,False,False,True,56.55,26.1,18330.0,0.44,-0.44,1.21,15581.6,15581.6,27741.6,24875.2,-72.92,False,,,,False,False,16425.0
101490.KQ,2026-10-06,53800.0,후보 아님 (트렌드 템플릿 2/8),2,False,False,False,False,False,True,True,False,False,True,27.59,-0.37,54200.0,0.74,-0.74,1.54,42367.0,42367.0,64947.6667,65383.75,-48.81,False,,,,False,False,48420.0
102710.KQ,2026-10-06,50100.0,후보 아님 (트렌드 템플릿 4/8),4,False,True,False,False,False,True,True,True,False,True,38.62,11.08,49800.0,-0.6,0.6,1.01,44510.0,44510.0,48219.6667,48809.25,-20.1,False,,,,False,False,45090.0
108490.KQ,2026-10-06,315500.0,후보 아님 (트렌드 템플릿 6/8),6,False,True,False,True,False,True,True,True,True,True,77.24,66.08,352000.0,11.57,-10.37,0.78,263212.0,263212.0,269580.6667,271413.0,-22.1,False,,,,False,False,283950.0
115180.KQ,2026-10-06,25000.0,후보 아님 (트렌드 템플릿 2/8),2,False,False,False,False,False,True,True,False,False,True,44.14,17.27,26250.0,5.0,-4.76,0.63,22205.8,22205.8,28328.8,28982.1,-50.88,False,,,,False,False,22500.0
119850.KQ,2026-10-06,53200.0,3순위 · 관찰,8,True,True,True,True,True,True,True,True,True,True,81.38,76.34,59000.0,10.9,-9.83,0.55,48513.0,48513.0,36433.4667,36027.1,-6.99,False,,,,False,False,47880.0
121600.KQ,2026-10-06,64000.0,후보 아님 (트렌드 템플릿 3/8),3,False,True,False,False,False,True,True,False,False,True,55.17,24.41,59800.0,-6.56,7.02,3.07,48622.0,48622.0,58609.6667,58793.0,-27.93,False,,,,False,False,57600.0
122640.KQ,2026-10-06,33800.0,2순위 · 근접 (피벗 3% 이내),8,True,True,True,True,True,True,True,True,True,True,70.34,48.88,34800.0,2.96,-2.87,0.87,27406.2,27406.2,27214.6,25292.85,-15.18,False,,,,False,False,30420.0
122870.KQ,2026-10-06,40700.0,후보 아님 (트렌드 템플릿 0/8),0,False,False,False,False,False,False,False,False,False,True,9.66,-28.28,45600.0,12.04,-10.75,0.61,41304.0,41304.0,47542.0,52844.5,-61.42,False,,,,False,False,36630.0
124500.KQ,2026-10-06,29950.0,후보 아님 (트렌드 템플릿 4/8),4,False,False,True,True,False,True,True,False,False,True,47.59,20.68,36500.0,21.87,-17.95,0.3,29122.4,29122.4,39667.1333,39133.35,-58.34,False,,,,False,False,26955.0
126340.KQ,2026-10-06,94000.0,후보 아님 (트렌드 템플릿 4/8),4,False,False,True,True,False,True,True,False,False,True,55.86,25.48,96700.0,2.87,-2.79,1.16,69023.0,69023.0,104535.6667,100917.3422,-51.45,False,,,,False,False,84600.0
127120.KQ,2026-10-06,29950.0,후보 아님 (트렌드 템플릿 3/8),3,False,False,True,True,False,False,True,False,False,True,40.0,13.85,35150.0,17.36,-14.79,0.94,33493.0,33493.0,36807.0,33181.35,-38.75,False,,,,False,False,26955.0
131290.KQ,2026-10-06,313500.0,2순위 · 근접 (피벗 3% 이내),8,True,True,True,True,True,True,True,True,True,True,97.24,253.31,318500.0,1.59,-1.57,0.8,242604.0,242604.0,200480.0,167898.0,0.0,False,,,,False,False,282150.0
131970.KQ,2026-10-06,120000.0,후보 아님 (트렌드 템플릿 6/8),6,False,True,True,True,False,True,True,False,True,True,84.83,84.82,111500.0,-7.08,7.62,1.66,80544.0,80544.0,103428.0,91219.0,-36.88,False,,,,False,False,108000.0
137400.KQ,2026-10-06,33450.0,후보 아님 (트렌드 템플릿 2/8),2,False,False,False,False,False,True,True,False,False,True,17.93,-14.13,32500.0,-2.84,2.92,1.34,29938.0,29938.0,40303.0,41237.5,-45.07,False,,,,False,False,30105.0
140410.KQ,2026-10-06,70800.0,후보 아님 (트렌드 템플릿 2/8),2,False,False,False,False,False,True,True,False,False,True,32.41,3.28,84300.0,19.07,-16.01,1.31,66234.0,66234.0,76004.6667,85401.0,-59.0,False,,,,False,False,63720.0
140860.KQ,2026-10-06,307000.0,후보 아님 (트렌드 템플릿 6/8),6,False,True,True,True,False,True,True,True,False,True,53.1,23.94,307000.0,0.0,0.0,1.5,262720.0,262720.0,265640.0,259592.5,-9.57,False,,,,False,False,276300.0
141080.KQ,2026-10-06,83900.0,후보 아님 (트렌드 템플릿 0/8),0,False,False,False,False,False,False,False,False,False,True,2.07,-47.92,93900.0,11.92,-10.65,0.83,94614.0,94614.0,142524.6667,151192.5,-60.7,False,,,,False,False,75510.0
145020.KQ,2026-10-06,181500.0,후보 아님 (트렌드 템플릿 1/8),1,False,False,True,False,False,False,False,False,False,True,6.9,-31.78,251000.0,38.29,-27.69,1.16,235484.0,235484.0,248008.0,247526.0,-41.55,False,,,,False,False,163350.0
160190.KQ,2026-10-06,34150.0,후보 아님 (트렌드 템플릿 2/8),2,False,False,False,False,False,True,True,False,False,True,45.52,17.71,31000.0,-9.22,10.16,3.54,20848.6,20848.6,31002.4667,39442.35,-60.01,False,,,,False,False,30735.0
161580.KQ,2026-10-06,41850.0,후보 아님 (트렌드 템플릿 3/8),3,False,True,False,False,False,True,True,False,False,True,42.76,15.28,42250.0,0.96,-0.95,1.41,29604.0,29604.0,38061.0,40302.0,-33.57,False,,,,False,False,37665.0
166090.KQ,2026-10-06,65000.0,후보 아님 (트렌드 템플릿 6/8),6,False,True,True,True,False,True,True,True,False,True,57.93,30.51,65000.0,0.0,0.0,0.93,54846.0,54846.0,61497.3333,59275.75,-19.85,False,,,,False,False,58500.0
171090.KQ,2026-10-06,75300.0,후보 아님 (트렌드 템플릿 4/8),4,False,False,True,True,False,True,True,False,False,True,62.76,36.47,78200.0,3.85,-3.71,0.9,66890.0,66890.0,79720.0,76210.75,-42.52,False,,,,False,False,67770.0
178320.KQ,2026-10-06,42950.0,후보 아님 (트렌드 템플릿 4/8),4,False,False,True,True,False,True,True,False,False,True,54.48,24.19,43200.0,0.58,-0.58,1.02,36326.0,36326.0,48579.6667,44040.5,-46.84,False,,,,False,False,38655.0
183300.KQ,2026-10-06,34050.0,후보 아님 (트렌드 템플릿 5/8),5,False,True,True,True,False,True,True,False,False,True,69.66,48.44,36200.0,6.31,-5.94,1.18,26105.8,26105.8,28902.0667,26662.25,-38.85,False,,,,False,False,30645.0
189300.KQ,2026-10-06,74400.0,후보 아님 (트렌드 템플릿 4/8),4,False,False,True,True,False,True,True,False,False,True,37.93,9.47,73800.0,-0.81,0.81,2.47,66373.0,66373.0,99523.0,94604.5,-56.84,False,,,,False,False,66960.0
195940.KQ,2026-10-06,41300.0,후보 아님 (트렌드 템플릿 1/8),1,False,False,False,False,False,True,False,False,False,True,20.0,-10.54,43900.0,6.3,-5.92,0.88,40424.0,40424.0,44555.6667,46447.75,-28.3,False,,,,False,False,37170.0
196170.KQ,2026-10-06,260000.0,후보 아님 (트렌드 템플릿 0/8),0,False,False,False,False,False,False,False,False,False,True,18.62,-13.48,313500.0,20.58,-17.07,0.54,277885.3841,277885.3841,273566.9224,288092.4996,-39.53,False,,,,False,False,234000.0
204270.KQ,2026-10-06,22950.0,후보 아님 (트렌드 템플릿 5/8),5,False,True,False,True,False,True,True,True,False,True,58.62,31.37,26750.0,16.56,-14.21,2.32,19046.6,19046.6,18569.2,19165.9,-22.07,False,,,,False,False,20655.0
213420.KQ,2026-10-06,30600.0,후보 아님 (트렌드 템플릿 0/8),0,False,False,False,False,False,False,False,False,False,True,16.55,-19.95,33550.0,9.64,-8.79,0.63,31434.0,31434.0,38573.3333,38582.0,-45.16,False,,,,False,False,27540.0
214150.KQ,2026-10-06,31350.0,후보 아님 (트렌드 템플릿 0/8),0,False,False,False,False,False,False,False,False,False,True,4.83,-39.79,33000.0,5.26,-5.0,0.63,35738.0,35738.0,45758.0,49755.5,-58.53,False,,,,False,False,28215.0
214370.KQ,2026-10-06,43100.0,후보 아님 (트렌드 템플릿 0/8),0,False,False,False,False,False,False,False,False,False,True,3.45,-42.25,48050.0,11.48,-10.3,1.0,50857.0,50857.0,77902.3333,80966.75,-71.29,False,,,,False,False,38790.0
214450.KQ,2026-10-06,306000.0,후보 아님 (트렌드 템플릿 1/8),1,False,False,False,False,True,False,False,False,False,True,13.1,-21.73,403500.0,31.86,-24.16,0.74,371780.0,371780.0,332856.6667,352022.5,-49.75,False,,,,False,False,275400.0
218410.KQ,2026-10-06,62400.0,후보 아님 (트렌드 템플릿 4/8),4,False,False,True,True,False,True,True,False,False,True,62.07,35.38,64600.0,3.53,-3.41,0.88,50368.0,50368.0,69780.0,62384.25,-44.53,False,,,,False,False,56160.0
222080.KQ,2026-10-06,8770.0,후보 아님 (트렌드 템플릿 4/8),4,False,False,True,True,False,True,True,False,False,True,35.17,6.26,8400.0,-4.22,4.4,2.31,7603.4,7603.4,10566.6,10248.0,-52.98,False,,,,False,False,7893.0
222800.KQ,2026-10-06,175000.0,돌파 · 거래량 부족,8,True,True,True,True,True,True,True,True,True,True,96.55,206.01,171000.0,-2.29,2.34,1.2,118216.0,118216.0,100601.3333,88374.5,0.0,False,,,,False,False,157500.0
225570.KQ,2026-10-06,10950.0,후보 아님 (트렌드 템플릿 3/8),3,False,True,False,False,False,True,True,False,False,True,29.66,0.3,11790.0,7.67,-7.12,0.44,10246.0,10246.0,10440.1333,10942.75,-25.71,False,,,,False,False,9855.0
226950.KQ,2026-10-06,122600.0,후보 아님 (트렌드 템플릿 3/8),3,False,False,True,False,False,True,True,False,False,True,22.07,-7.42,119200.0,-2.77,2.85,1.08,107530.0,107530.0,142898.0,141376.5,-40.77,False,,,,False,False,110340.0
232140.KQ,2026-10-06,18130.0,후보 아님 (트렌드 템플릿 4/8),4,False,True,False,False,False,True,True,True,False,True,64.83,38.75,17330.0,-4.41,4.62,1.82,11399.0,11399.0,15391.4667,15711.55,-23.5,False,,,,False,False,16317.0
237690.KQ,2026-10-06,96900.0,후보 아님 (트렌드 템플릿 0/8),0,False,False,False,False,False,False,False,False,False,True,13.79,-21.45,102300.0,5.57,-5.28,1.01,98908.0,98908.0,125170.0,127754.0,-42.56,False,,,,False,False,87210.0
240810.KQ,2026-10-06,141300.0,후보 아님 (트렌드 템플릿 7/8),7,False,True,True,True,False,True,True,True,True,True,80.69,76.04,145900.0,3.26,-3.15,1.13,111874.0,111874.0,121792.0,112583.0,-22.91,False,,,,False,False,127170.0
241710.KQ,2026-10-06,110400.0,후보 아님 (트렌드 템플릿 5/8),5,False,True,True,True,True,False,True,False,False,True,68.28,45.29,141800.0,28.44,-22.14,2.09,118014.0,118014.0,90838.6667,87926.0,-28.27,False,,,,False,False,99360.0
247540.KQ,2026-10-06,128900.0,후보 아님 (트렌드 템플릿 2/8),2,False,False,False,False,False,True,True,False,False,True,20.69,-9.41,118700.0,-7.91,8.59,2.13,109007.7002,109007.7002,158545.9001,163751.925,-47.6,False,,,,False,False,116010.0
251970.KQ,2026-10-06,63000.0,후보 아님 (트렌드 템플릿 6/8),6,False,True,False,True,True,True,True,True,False,True,61.38,35.1,65500.0,3.97,-3.82,1.58,55185.0,55185.0,46276.3333,48822.75,-4.55,False,,,,False,False,56700.0
252990.KQ,2026-10-06,19690.0,3순위 · 관찰,8,True,True,True,True,True,True,True,True,True,True,91.03,135.41,20750.0,5.38,-5.11,1.08,14722.0,14722.0,12991.6667,11823.7,-2.28,False,,,,False,False,17721.0
253450.KQ,2026-10-06,20400.0,후보 아님 (트렌드 템플릿 0/8),0,False,False,False,False,False,False,False,False,False,True,5.52,-34.02,22400.0,9.8,-8.93,0.72,21753.0,21753.0,27729.8,31959.1,-59.2,False,,,,False,False,18360.0
253590.KQ,2026-10-06,16230.0,후보 아님 (트렌드 템플릿 7/8),7,False,True,True,True,False,True,True,True,True,True,72.41,53.04,16030.0,-1.23,1.25,2.89,11061.4,11061.4,13752.5333,13491.25,-21.4,False,,,,False,False,14607.0
257720.KQ,2026-10-06,36750.0,후보 아님 (트렌드 템플릿 1/8),1,False,False,False,False,True,False,False,False,False,True,23.45,-4.92,52500.0,42.86,-30.0,0.45,42443.0,42443.0,40036.0,40926.0,-32.2,False,,,,False,False,33075.0
263750.KQ,2026-10-06,32950.0,후보 아님 (트렌드 템플릿 0/8),0,False,False,False,False,False,False,False,False,False,True,17.24,-19.44,36200.0,9.86,-8.98,0.29,33476.0,33476.0,43681.0,43764.5,-54.17,False,,,,False,False,29655.0
277810.KQ,2026-10-06,466000.0,후보 아님 (트렌드 템플릿 4/8),4,False,False,True,True,False,True,True,False,False,True,34.48,6.18,475500.0,2.04,-2.0,0.73,449230.0,449230.0,571110.0,568867.5,-47.05,False,,,,False,False,419400.0
281740.KQ,2026-10-06,13070.0,후보 아님 (트렌드 템플릿 2/8),2,False,False,False,False,False,True,True,False,False,True,19.31,-10.74,13030.0,-0.31,0.31,2.17,11650.4,11650.4,16280.2667,16932.8,-52.56,False,,,,False,False,11763.0
290650.KQ,2026-10-06,52400.0,후보 아님 (트렌드 템플릿 1/8),1,False,False,False,False,False,True,False,False,False,True,8.97,-28.67,56700.0,8.21,-7.58,0.5,52143.0736,52143.0736,67328.3579,68651.7684,-55.71,False,,,,False,False,47160.0
293490.KQ,2026-10-06,10010.0,후보 아님 (트렌드 템플릿 2/8),2,False,False,False,False,False,True,True,False,False,True,21.38,-8.2,10280.0,2.7,-2.63,1.04,8781.4,8781.4,10172.4,11483.5,-43.64,False,,,,False,False,9009.0
295310.KQ,2026-10-06,76700.0,후보 아님 (트렌드 템플릿 6/8),6,False,True,True,True,False,True,True,False,True,True,78.62,68.37,70200.0,-8.47,9.26,1.82,49761.0,49761.0,72582.6667,71830.75,-42.33,False,,,,False,False,69030.0
298380.KQ,2026-10-06,52500.0,후보 아님 (트렌드 템플릿 0/8),0,False,False,False,False,False,False,False,False,False,True,1.38,-57.31,72100.0,37.33,-27.18,0.92,69354.0,69354.0,111650.0,133100.0,-78.62,False,,,,False,False,47250.0
310210.KQ,2026-10-06,154600.0,후보 아님 (트렌드 템플릿 3/8),3,False,False,True,False,False,True,True,False,False,True,11.72,-22.42,172400.0,11.51,-10.32,0.82,149690.0,149690.0,221182.0,219663.5,-57.47,False,,,,False,False,139140.0
319400.KQ,2026-10-06,21000.0,후보 아님 (트렌드 템플릿 3/8),3,False,False,True,True,False,False,True,False,False,True,50.34,22.8,23200.0,10.48,-9.48,0.49,22477.4,22477.4,27879.8,27289.8,-54.69,False,,,,False,False,18900.0
319660.KQ,2026-10-06,154000.0,후보 아님 (트렌드 템플릿 7/8),7,False,True,True,True,True,True,True,False,True,True,93.1,167.88,162000.0,5.19,-4.94,0.88,131228.0,131228.0,119793.3333,101025.0,-27.19,False,,,,False,False,138600.0
323280.KQ,2026-10-06,61000.0,후보 아님 (트렌드 템플릿 5/8),5,False,True,False,True,False,True,True,False,True,True,73.79,57.83,61900.0,1.48,-1.45,1.04,45749.0,45749.0,54352.0,54585.25,-32.0,False,,,,False,False,54900.0
327260.KQ,2026-10-06,57800.0,돌파 · 거래량 부족,8,True,True,True,True,True,True,True,True,True,True,97.93,309.36,57500.0,-0.52,0.52,1.38,37202.4,37202.4,36215.5773,30665.2054,-2.61,False,,,,False,False,52020.0
328130.KQ,2026-10-06,11120.0,후보 아님 (트렌드 템플릿 2/8),2,False,False,False,False,False,True,True,False,False,True,11.03,-25.82,12490.0,12.32,-10.97,1.14,9669.0,9669.0,13850.4089,15158.8857,-51.51,False,,,,False,False,10008.0
347700.KQ,2026-10-06,26800.0,후보 아님 (트렌드 템플릿 4/8),4,False,False,True,True,False,True,True,False,False,True,66.9,41.9,25600.0,-4.48,4.69,3.15,21367.2,21367.2,32156.8667,29744.55,-49.53,False,,,,False,False,24120.0
347850.KQ,2026-10-06,47550.0,후보 아님 (트렌드 템플릿 0/8),0,False,False,False,False,False,False,False,False,False,True,7.59,-31.63,51200.0,7.68,-7.13,1.22,52225.0,52225.0,70797.6667,75759.25,-57.24,False,,,,False,False,42795.0
356860.KQ,2026-10-06,50400.0,후보 아님 (트렌드 템플릿 7/8),7,False,True,True,True,False,True,True,True,True,True,87.59,86.54,50400.0,0.0,0.0,0.92,35594.0,35594.0,37725.7117,35057.6411,-16.29,False,,,,False,False,45360.0
357780.KQ,2026-10-06,425000.0,후보 아님 (트렌드 템플릿 6/8),6,False,True,True,True,False,True,True,True,False,True,66.21,41.05,433500.0,2.0,-1.96,0.89,325400.0,325400.0,373606.6667,362572.5,-15.17,False,,,,False,False,382500.0
388210.KQ,2026-10-06,93400.0,후보 아님 (트렌드 템플릿 1/8),1,False,False,False,False,False,True,False,False,False,True,,,98600.0,5.57,-5.27,1.11,76868.0,76868.0,106498.6667,107740.0,,False,,,,False,False,84060.0
388720.KQ,2026-10-06,71800.0,후보 아님 (트렌드 템플릿 1/8),1,False,False,False,False,False,True,False,False,False,True,22.76,-6.65,80200.0,11.7,-10.47,1.29,67600.0,67600.0,82591.3333,87692.0,-52.36,False,,,,False,False,64620.0
403870.KQ,2026-10-06,68800.0,후보 아님 (트렌드 템플릿 7/8),7,False,True,True,True,False,True,True,True,True,True,86.9,86.41,69400.0,0.87,-0.86,1.02,47417.0,47417.0,48347.0,45418.75,-17.6,False,,,,False,False,61920.0
417200.KQ,2026-10-06,15780.0,후보 아님 (트렌드 템플릿 4/8),4,False,False,True,True,False,True,True,False,False,True,40.69,13.99,15320.0,-2.92,3.0,2.69,11950.6,11950.6,16941.0667,16218.6,-49.5,False,,,,False,False,14202.0
420770.KQ,2026-10-06,135500.0,후보 아님 (트렌드 템플릿 6/8),6,False,True,True,True,False,True,True,False,True,True,90.34,127.62,139700.0,3.1,-3.01,0.53,111448.0,111448.0,112693.3333,95678.0,-29.5,False,,,,False,False,121950.0
425420.KQ,2026-10-06,68200.0,후보 아님 (트렌드 템플릿 7/8),7,False,True,True,True,False,True,True,True,True,True,76.55,64.44,76700.0,12.46,-11.08,1.47,46352.0,46352.0,50901.3333,47837.75,-8.33,False,,,,False,False,61380.0
437730.KQ,2026-10-06,51800.0,후보 아님 (트렌드 템플릿 4/8),4,False,True,False,True,False,True,True,False,False,True,68.97,46.86,60300.0,16.41,-14.1,1.29,39426.0,39426.0,45066.0,48477.5,-29.23,False,,,,False,False,46620.0
440110.KQ,2026-10-06,86100.0,후보 아님 (트렌드 템플릿 6/8),6,False,True,True,True,False,True,True,False,True,True,92.41,152.2,90700.0,5.34,-5.07,0.93,66776.0,66776.0,74525.3333,62974.25,-32.89,False,,,,False,False,77490.0
445680.KQ,2026-10-06,61500.0,후보 아님 (트렌드 템플릿 2/8),2,False,False,False,False,False,True,True,False,False,True,33.1,5.17,60800.0,-1.14,1.15,1.01,47002.0,47002.0,69797.6667,80015.25,-55.95,False,,,,False,False,55350.0
458870.KQ,2026-10-06,27050.0,후보 아님 (트렌드 템플릿 2/8),2,False,False,False,False,False,True,True,False,False,True,14.48,-21.07,29100.0,7.58,-7.04,0.55,23967.0,23967.0,35347.7778,37932.3334,-57.06,False,,,,False,False,24345.0
466100.KQ,2026-10-06,24100.0,후보 아님 (트렌드 템플릿 0/8),0,False,False,False,False,False,False,False,False,False,True,8.28,-30.84,25300.0,4.98,-4.74,0.66,25567.0,25567.0,37774.1104,44690.3328,-68.16,False,,,,False,False,21690.0
476060.KQ,2026-10-06,15600.0,후보 아님 (트렌드 템플릿 2/8),2,False,False,False,False,False,True,True,False,False,True,36.55,7.11,17580.0,12.69,-11.26,0.24,14486.6,14486.6,17448.2,17884.0,-40.68,False,,,,False,False,14040.0
476830.KQ,2026-10-06,29900.0,후보 아님 (트렌드 템플릿 1/8),1,False,False,False,False,False,True,False,False,False,True,,,30800.0,3.01,-2.92,1.25,28885.0,28885.0,57308.3333,,,False,,,,False,False,26910.0
491000.KQ,2026-10-06,38400.0,후보 아님 (트렌드 템플릿 1/8),1,False,False,False,False,False,True,False,False,False,True,,,37850.0,-1.43,1.45,1.35,36082.0,36082.0,51500.0,,,False,,,,False,False,34560.0
950160.KQ,2026-10-06,17120.0,후보 아님 (트렌드 템플릿 1/8),1,False,False,False,False,False,False,True,False,False,True,0.69,-78.2,18430.0,7.65,-7.11,0.34,17826.8,17826.8,72679.2667,75426.45,-87.67,False,,,,False,False,15408.0
950260.KQ,2026-10-06,29250.0,후보 아님 (트렌드 템플릿 0/8),0,False,False,False,False,False,False,False,False,False,True,,,29350.0,0.34,-0.34,,,,,,,False,,,,False,False,26325.0
